{"files":[{"id":"63ee5718-21ba-4e2e-9c7e-6b3b85e6a8b4","name":"appsscript","type":"json","source":"{\n  \"timeZone\": \"Asia/Tokyo\",\n  \"dependencies\": {},\n  \"exceptionLogging\": \"STACKDRIVER\",\n  \"runtimeVersion\": \"V8\",\n  \"webapp\": {\n    \"executeAs\": \"USER_DEPLOYING\",\n    \"access\": \"ANYONE_ANONYMOUS\"\n  }\n}"},{"id":"e3572e21-a269-4805-b65f-44d2679147d4","name":"コード","type":"server_js","source":"// GETリクエストの処理\n/*function doGet(e) {\n  const event_ss \u003d SpreadsheetApp.openById(\u00271hQSKJWjWhAjO2wWzezcQ99UVpARkc3AirTDoBptBL34\u0027);\n  const event_sheet \u003d event_ss.getSheets()[0];\n  const event_data \u003d event_sheet.getDataRange().getValues();\n  Logger.log(event_data);\n\n  const eventdata \u003d [];\n  \n  // ヘッダー行をスキップ\n  for (let i \u003d 1; i \u003c event_data.length; i++) {\n    eventdata.push({\n      id: i,\n      name: event_data[i][0],\n      description: event_data[i][1],\n      datetime: event_data[i][2].toString(),\n      location: event_data[i][3],\n      email: event_data[i][4],\n      dep_d: event_data[i][5],\n      dep_s: event_data[i][6],\n      dep_e: event_data[i][7],\n      dep_m: event_data[i][8],\n      dep_c: event_data[i][9],\n      grade_1: event_data[i][10],\n      grade_2: event_data[i][11],\n      grade_3: event_data[i][12],\n      grade_4: event_data[i][13],\n      grade_5: event_data[i][14],\n      school: event_data[i][15],\n      dorm: event_data[i][16],\n      other: event_data[i][17],\n      resev: event_data[i][18],\n      type:\u0027event\u0027\n    });\n  }\n  Logger.log(eventdata);\n\n\n\n  const match_ss \u003d SpreadsheetApp.openById(\u00271XQZ3DJMHdkSaMI_JQpfmFjq_kx41YE8cUv_a7FVA4pU\u0027);\n  const match_sheet \u003d match_ss.getSheets()[0];\n  const match_data \u003d match_sheet.getDataRange().getValues();\n  Logger.log(match_data);\n\n  const matchingdata \u003d [];\n  for (let i \u003d 1; i \u003c match_data.length; i++) {\n  matchingdata.push({\n  id: i,\n  name: match_data[i][5],\n  description: match_data[i][6],\n  datetime: match_data[i][1].toString(),\n  location: match_data[i][2],\n  email: match_data[i][0],\n  grade: match_data[i][8],\n  dep : match_data[i][7],\n  club: match_data[i][10],\n  way: match_data[i][9],\n  resev: match_data[i][3],\n  recom: \u0027recom\u0027,\n  type: \u0027match\u0027\n  })\n  }\n\n  Logger.log(matchingdata);\n\n  const userprof_ss \u003d SpreadsheetApp.openById(\u002715GypRuuX1hg8rbQsgdv4zN4jvKPmm6zl5vU_FQyuiyU\u0027);\n  const userprof_sheet \u003d userprof_ss.getSheets()[0];\n  const userprof_data \u003d userprof_sheet.getDataRange().getValues();\n  Logger.log(userprof_data);\n\n  const studprof_ss \u003d SpreadsheetApp.openById(\u00271ht-vWn1KE-JN4jRIwV7sXGe2IMAb-MhQ82zAoCZbYso\u0027);\n  const studprof_sheet \u003d studprof_ss.getSheets()[0];\n  const studprof_data \u003d studprof_sheet.getDataRange().getValues();\n  Logger.log(studprof_data);\n\n const today \u003d new Date();\n  //today.setHours(today.getHours() + 9); // UTC+9\n  today.setHours(0, 0, 0, 0);\n\n  const matchingRows \u003d [];\n\n  for (let i \u003d 0; i \u003c userprof_data.length; i++) {\n    const cellValue \u003d userprof_data[i][4];\n\n    // セルの日付もUTC+9で補正\n    const cellDate \u003d new Date(cellValue);\n    cellDate.setHours(cellDate.getHours() );\n    console.log(cellDate);\n    cellDate.setHours(0, 0, 0, 0);\n     console.log(today);\n     //console.log(cellDate);\n    if (cellDate.getTime() \u003d\u003d\u003d today.getTime()) {\n      matchingRows.push(i);\n    }\n  }\n  \n  console.log(matchingRows);\n\n  const todayvisiter \u003d userprof_data[matchingRows[0]] \n  console.log(todayvisiter);\n  const visiteremail \u003d todayvisiter[0];\n\n  const foundmatch  \u003d matchingdata.filter(row \u003d\u003e row.resev\u003d\u003dvisiteremail);\n  const foundevent  \u003d eventdata.filter(row \u003d\u003e row.resev\u003d\u003dvisiteremail);\n\n  const visitdata \u003d [];\n foundmatch.forEach(function(resev,i){\n visitdata.push(resev);\n })\n foundevent.forEach(function(resev,i){\n visitdata.push(resev);\n })\n Logger.log(visitdata);\n\n visitdata.sort((a, b) \u003d\u003e new Date(a.datetime) - new Date(b.datetime));\n\n Logger.log(visitdata[0],way);\n\n\n\n  return ContentService.createTextOutput(JSON.stringify({\n    message: \"Hello, world!\",\n    visitdata: visitdata,\n    query: e.parameter\n  })).setMimeType(ContentService.MimeType.JSON);\n\n  \n}\n\nconst doPost \u003d (e) \u003d\u003e {\n  // リクエストを取得\n  const name \u003d e.parameters[\u0027name\u0027][0];\n  const email \u003d e.parameters[\u0027email\u0027][0];\n  // スプレッドシート（ss）を取得\n  //const ss \u003d SpreadsheetApp.openById(SpreadsheetApp.getActiveSpreadsheet().getId());\n  // シート（sheet）を取得\n  //const sheet \u003d ss.getSheetByName(\u0027Sheet_1\u0027);\n  // シートに書き込み\n  //sheet.appendRow([name, email]);\n  // レスポンスを返す\n  return ContentService.createTextOutput(\u0027ok\u0027);\n};*/\n\nfunction doGet(e) {\n  return ContentService.createTextOutput(JSON.stringify({status: \"OK\"})).setMimeType(ContentService.MimeType.JSON);\n}\n"},{"id":"791fcbcf-fe59-4379-8162-e5ebd34147f1","name":"Javascript","type":"html","source":""}]}