{"files":[{"id":"1e789985-ab92-4468-ab0c-9145abe968a6","name":"appsscript","type":"json","source":"{\n  \"timeZone\": \"Asia/Tokyo\",\n  \"dependencies\": {},\n  \"exceptionLogging\": \"STACKDRIVER\",\n  \"runtimeVersion\": \"V8\",\n  \"webapp\": {\n    \"executeAs\": \"USER_ACCESSING\",\n    \"access\": \"ANYONE\"\n  }\n}"},{"id":"577b89b3-cec7-4d3c-8f5a-22dd61379f08","name":"コード","type":"server_js","source":"function doGet() {\n  // HTMLテンプレートを取得\n  return HtmlService.createHtmlOutputFromFile(\u0027Javascript\u0027)\n    .setTitle(\u0027Bootstrap Navbar Example\u0027)\n    .setXFrameOptionsMode(HtmlService.XFrameOptionsMode.ALLOWALL);\n}\n\nfunction callApi() {\n  // APIのURL（デプロイ後に生成されるURLを使用）\n  const apiUrl \u003d \"https://script.google.com/macros/s/AKfycbx7JJG5_bPPe1MhmNUgs7RqAOPG8xx1dZkV5tK4Np8jlHzyUibrN3I9s1ODNW4n3BM6pA/exec\";\n  \n  // GETリクエストの例\n  const response \u003d UrlFetchApp.fetch(apiUrl + \"?name\u003dJohn\u0026age\u003d30\");\n  const resp \u003d JSON.parse(response);\n  // レスポンスをJSONとして解析\n  const jsonResponse \u003d JSON.parse(response.getContentText());\n  \n  // レスポンスの内容をログに表示\n  Logger.log(\"GET Response:\");\n  Logger.log(response);\n  Logger.log(resp.location);\n  Logger.log(jsonResponse);\n  \n\n\n}"},{"id":"62873ccd-2f39-40cb-b9cd-2583b768f821","name":"Javascript","type":"html","source":"\u003cscript\u003e\nconst url \u003d \"https://script.google.com/macros/s/AKfycbwmHc5hCNGnW_BxaKHeuX3qdF7zpqM32ASWZt43BEKx-b33Yb7NQfV4Ur5AIfp35B23/execc\";\n\nconst requestParams \u003d {\n  method: \"GET\",\n  headers: {\n    \"Accept\": \"application/json\",\n    \"Content-Type\": \"application/x-www-form-urlencoded\",\n  },\n};\n\nfetch(url, requestParams)\n  .then((response) \u003d\u003e response.json())\n  .then((result) \u003d\u003e {\n    console.log(result); // {\"status\":\"OK\"}が返ってくる\n  })\n  .catch((e) \u003d\u003e console.log(e));\n\n  \u003c/script\u003e"}]}