{"files":[{"id":"f9339dc9-7f06-4858-924c-d8b87ee2c78a","name":"appsscript","type":"json","source":"{\n  \"timeZone\": \"Asia/Tokyo\",\n  \"dependencies\": {},\n  \"exceptionLogging\": \"STACKDRIVER\",\n  \"runtimeVersion\": \"V8\",\n  \"webapp\": {\n    \"executeAs\": \"USER_DEPLOYING\",\n    \"access\": \"MYSELF\"\n  }\n}"},{"id":"af49e2fd-6cba-4884-a643-446dcc1e9137","name":"コード","type":"server_js","source":"function doGet() {\n  // HTMLテンプレートを取得\n  return HtmlService.createHtmlOutputFromFile(\u0027index\u0027)\n    .setTitle(\u0027WEBtoLinux\u0027)\n    .setXFrameOptionsMode(HtmlService.XFrameOptionsMode.ALLOWALL);\n}"},{"id":"d3c0b718-93d7-45b8-b278-f6caad7f7513","name":"index","type":"html","source":"\u003c!DOCTYPE html\u003e\n\u003chtml\u003e\n\u003chead\u003e\n    \u003ctitle\u003eLinux Terminal Control\u003c/title\u003e\n\u003c/head\u003e\n\u003cbody\u003e\n    \u003ch1\u003eLinux Terminal\u003c/h1\u003e\n    \u003cinput type\u003d\"text\" id\u003d\"command\" placeholder\u003d\"Enter command\"\u003e\n    \u003cbutton onclick\u003d\"sendCommand()\"\u003eSend\u003c/button\u003e\n    \u003cpre id\u003d\"output\"\u003e\u003c/pre\u003e\n\n    \u003cscript\u003e\n        const socket \u003d new WebSocket(\u0027ws://172.25.17.125:8080\u0027);\n\n        socket.onopen \u003d () \u003d\u003e {\n            console.log(\u0027WebSocket connection established.\u0027);\n        };\n\n        socket.onmessage \u003d (event) \u003d\u003e {\n            document.getElementById(\u0027output\u0027).textContent +\u003d event.data + \u0027\\n\u0027;\n        };\n\n        socket.onclose \u003d () \u003d\u003e {\n            console.log(\u0027WebSocket connection closed.\u0027);\n        };\n\n        function sendCommand() {\n            const command \u003d document.getElementById(\u0027command\u0027).value;\n            socket.send(command);\n            document.getElementById(\u0027command\u0027).value \u003d \u0027\u0027;\n        }\n    \u003c/script\u003e\n\u003c/body\u003e\n\u003c/html\u003e\n"}]}