{"files":[{"id":"327dec01-b34f-4632-8d6a-2a465674b259","name":"appsscript","type":"json","source":"{\n  \"timeZone\": \"Asia/Tokyo\",\n  \"dependencies\": {},\n  \"exceptionLogging\": \"STACKDRIVER\",\n  \"runtimeVersion\": \"V8\",\n  \"webapp\": {\n    \"executeAs\": \"USER_ACCESSING\",\n    \"access\": \"ANYONE\"\n  }\n}"},{"id":"21c2c8ca-e5e9-4737-b206-35b800c939b6","name":"コード","type":"server_js","source":"function doGet() {\n  // HTMLテンプレートを取得\n  return HtmlService.createHtmlOutputFromFile(\u0027index\u0027)\n    .setTitle(\u0027Bootstrap Navbar Example\u0027)\n    .setXFrameOptionsMode(HtmlService.XFrameOptionsMode.ALLOWALL);\n}\n\nfunction callApi() {\n  // APIのURL（デプロイ後に生成されるURLを使用）\n  const apiUrl \u003d \"https://script.google.com/macros/s/AKfycbx19GUuL_aopJ6Co-6O0NfY_oNv0CH9KU2P8ykGxIVXBZLi84qCm3mfSfNMdPR8tNbW/exec\";\n  \n  // GETリクエストの例\n  const response \u003d UrlFetchApp.fetch(apiUrl + \"?name\u003dJohn\u0026age\u003d30\");\n  \n  // レスポンスをJSONとして解析\n  const jsonResponse \u003d JSON.parse(response.getContentText());\n  \n  // レスポンスの内容をログに表示\n  Logger.log(\"GET Response:\");\n  Logger.log(jsonResponse);\n  \n  // POSTリクエストの例\n  const postData \u003d {\n    key1: \"value1\",\n    key2: \"value2\"\n  };\n\n  const postOptions \u003d {\n    method: \u0027post\u0027,\n    contentType: \u0027application/json\u0027,\n    payload: JSON.stringify(postData)\n  };\n  \n  // POSTリクエストを送信\n  const postResponse \u003d UrlFetchApp.fetch(apiUrl, postOptions);\n  \n  // POSTレスポンスをJSONとして解析\n  const jsonPostResponse \u003d JSON.parse(postResponse.getContentText());\n  \n  // レスポンスの内容をログに表示\n  Logger.log(\"POST Response:\");\n  Logger.log(jsonPostResponse);\n}"},{"id":"3dc3bc4e-54fb-4d0d-b2de-20759a26c8c5","name":"index","type":"html","source":"\u003c!DOCTYPE html\u003e\n\u003chtml lang\u003d\"en\"\u003e\n\u003chead\u003e\n  \u003cmeta charset\u003d\"UTF-8\"\u003e\n  \u003cmeta name\u003d\"viewport\" content\u003d\"width\u003ddevice-width, initial-scale\u003d1.0\"\u003e\n  \u003ctitle\u003eBootstrap Navbar\u003c/title\u003e\n  \u003c!-- Bootstrap CSS --\u003e\n  \u003clink\n    href\u003d\"https://cdn.jsdelivr.net/npm/bootstrap@5.3.2/dist/css/bootstrap.min.css\"\n    rel\u003d\"stylesheet\"\n  \u003e\n\u003c/head\u003e\n\u003cbody\u003e\n  \u003cnav class\u003d\"navbar navbar-expand-lg navbar-light bg-light\"\u003e\n    \u003cdiv class\u003d\"container-fluid\"\u003e\n      \u003ca class\u003d\"navbar-brand\" href\u003d\"#\"\u003eMy App\u003c/a\u003e\n      \u003cbutton\n        class\u003d\"navbar-toggler\"\n        type\u003d\"button\"\n        data-bs-toggle\u003d\"collapse\"\n        data-bs-target\u003d\"#navbarNav\"\n        aria-controls\u003d\"navbarNav\"\n        aria-expanded\u003d\"false\"\n        aria-label\u003d\"Toggle navigation\"\n      \u003e\n        \u003cspan class\u003d\"navbar-toggler-icon\"\u003e\u003c/span\u003e\n      \u003c/button\u003e\n      \u003cdiv class\u003d\"collapse navbar-collapse\" id\u003d\"navbarNav\"\u003e\n        \u003cul class\u003d\"navbar-nav\"\u003e\n          \u003cli class\u003d\"nav-item\"\u003e\n            \u003ca class\u003d\"nav-link active\" aria-current\u003d\"page\" href\u003d\"#\"\u003eHome\u003c/a\u003e\n          \u003c/li\u003e\n          \u003cli class\u003d\"nav-item\"\u003e\n            \u003ca class\u003d\"nav-link\" href\u003d\"#\"\u003eFeatures\u003c/a\u003e\n          \u003c/li\u003e\n          \u003cli class\u003d\"nav-item\"\u003e\n            \u003ca class\u003d\"nav-link\" href\u003d\"#\"\u003ePricing\u003c/a\u003e\n          \u003c/li\u003e\n          \u003cli class\u003d\"nav-item\"\u003e\n            \u003ca class\u003d\"nav-link disabled\" href\u003d\"#\" tabindex\u003d\"-1\" aria-disabled\u003d\"true\"\u003eDisabled\u003c/a\u003e\n          \u003c/li\u003e\n        \u003c/ul\u003e\n      \u003c/div\u003e\n    \u003c/div\u003e\n  \u003c/nav\u003e\n\n  \u003cdiv class\u003d\"container mt-5\"\u003e\n    \u003ch1\u003eWelcome to My App\u003c/h1\u003e\n    \u003cp\u003eThis is a simple web app with a Bootstrap navbar.\u003c/p\u003e\n  \u003c/div\u003e\n\n  \u003c!-- Bootstrap JS --\u003e\n  \u003cscript src\u003d\"https://cdn.jsdelivr.net/npm/bootstrap@5.3.2/dist/js/bootstrap.bundle.min.js\"\u003e\u003c/script\u003e\n\u003c/body\u003e\n\u003c/html\u003e\n\u003c/html\u003e\n"}]}