{"files":[{"id":"5b80a75d-3a48-488e-a316-75bd4fd52aa8","name":"appsscript","type":"json","source":"{\n  \"timeZone\": \"Asia/Tokyo\",\n  \"exceptionLogging\": \"STACKDRIVER\",\n  \"runtimeVersion\": \"V8\",\n  \"dependencies\": {},\n  \"webapp\": {\n    \"executeAs\": \"USER_ACCESSING\",\n    \"access\": \"ANYONE\"\n  },\n  \"oauthScopes\": [\n    \"https://www.googleapis.com/auth/drive\",\n    \"https://www.googleapis.com/auth/script.external_request\",\n    \"https://www.googleapis.com/auth/spreadsheets\",\n    \"https://www.googleapis.com/auth/userinfo.email\"\n  ]\n}"},{"id":"7f869015-807a-4282-95d7-0e238fca823c","name":"Code","type":"server_js","source":"// Code.gs\nfunction doGet() {\n  return HtmlService.createTemplateFromFile(\u0027Index\u0027)\n    .evaluate()\n    .setTitle(\u0027ユーザー登録システム\u0027)\n    .addMetaTag(\u0027viewport\u0027, \u0027width\u003ddevice-width, initial-scale\u003d1\u0027);\n}\n\nfunction include(filename) {\n  return HtmlService.createHtmlOutputFromFile(filename).getContent();\n}\n\nfunction getCurrentUserEmail() {\n  return Session.getActiveUser().getEmail();\n}\n\nfunction registerUser(email, username, password) {\n  const currentUserEmail \u003d Session.getActiveUser().getEmail();\n  \n  // Check if email matches current Google account\n  if (email !\u003d\u003d currentUserEmail) {\n    return { \n      success: false, \n      message: \u0027登録には現在ログインしているGoogleアカウントのメールアドレスを使用してください。\u0027 \n    };\n  }\n  \n  const sheet \u003d SpreadsheetApp.openById(\u002715GypRuuX1hg8rbQsgdv4zN4jvKPmm6zl5vU_FQyuiyU\u0027).getActiveSheet();\n  const userprofsheet \u003d SpreadsheetApp.openById(\u00271ht-vWn1KE-JN4jRIwV7sXGe2IMAb-MhQ82zAoCZbYso\u0027).getActiveSheet();\n  // Check if email already exists\n  const data \u003d sheet.getDataRange().getValues();\n  const emailExists \u003d data.some(row \u003d\u003e row[0] \u003d\u003d\u003d email);\n  \n  if (emailExists) {\n    return { success: false, message: \u0027このメールアドレスは既に登録されています。\u0027 };\n  }\n\n  if(username.indexOf(\u0027\u003d\u0027) !\u003d\u003d -1){\n    return { success: false, message: \u0027\u003dはユーザー名に使用できません。\u0027 };\n  }\n  // Hash password\n  //const hashedPassword \u003d Utilities.computeDigest(Utilities.DigestAlgorithm.SHA_256, password);\n  const hashedPassword \u003d password;\n  // Save user data\n  sheet.appendRow([email, username, hashedPassword ,\u0027見学者\u0027,null,0,generaterandompin()]);\n  userprofsheet.appendRow([email,username]);\n  return { success: true, message: \u0027登録が完了しました。\u0027 };\n}\n\nfunction test(){\nvar pat\u003d\u0027abcd\u0027\nLogger.log(\u0027abcd\u0027)\nif(pat.indexOf(\u0027abc\u0027) !\u003d\u003d -1){\n  Logger.log(\u0027in\u0027)\n}\n}\nfunction loginUser(email, password) {\n  const currentUserEmail \u003d Session.getActiveUser().getEmail();\n  \n  // Check if email matches current Google account\n  if (email !\u003d\u003d currentUserEmail) {\n    return { \n      success: false, \n      message: \u0027ログインには現在ログインしているGoogleアカウントのメールアドレスを使用してください。\u0027 \n    };\n  }\n  \n  const sheet \u003d SpreadsheetApp.openById(\u002715GypRuuX1hg8rbQsgdv4zN4jvKPmm6zl5vU_FQyuiyU\u0027).getActiveSheet();\n  const data \u003d sheet.getDataRange().getValues();\n  \n  // Hash input password\n  //const hashedPassword \u003d Utilities.computeDigest(Utilities.DigestAlgorithm.SHA_256, password);\n  const hashedPassword \u003d password;\n  \n  // Find user\n  const user \u003d data.find(row \u003d\u003e row[0] \u003d\u003d\u003d email);\n  \n  if (!user) {\n    return { success: false, message: \u0027ユーザーが見つかりません。\u0027 };\n  }\n  \n  //if (hashedPassword.toString() \u003d\u003d\u003d user[2].toString()) {\n    if (hashedPassword.toString() \u003d\u003d\u003d user[2].toString()) {\n    return { \n      success: true, \n      message: \u0027ログインに成功しました。ようこそ\u0027 + user[1] + \u0027さん\u0027,\n      username: user[1],\n      control : user[3]\n    };\n  } else {\n    return { success: false, message: \u0027パスワードが正しくありません。\u0027 };\n  }\n}\n\nfunction checkcontrol(email){\n  const sheet \u003d SpreadsheetApp.openById(\u002715GypRuuX1hg8rbQsgdv4zN4jvKPmm6zl5vU_FQyuiyU\u0027).getActiveSheet();\n  const data \u003d sheet.getDataRange().getValues();\n  const user \u003d data.find(row \u003d\u003e row[0] \u003d\u003d\u003d email);\n  return user[3];\n}\n\n\nfunction generaterandompin(){\n  const min \u003d 0; // 最小値\n  const max \u003d 9999; // 最大値\n\n  // 0 から 9999 までのランダムな整数を生成\n  const randomInt \u003d Math.floor(Math.random() * (max - min + 1)) + min;\n\n  Logger.log(\"生成されたランダムな整数: \" + randomInt);\n  return randomInt;\n}"},{"id":"49db76d0-fa91-4574-980a-61560e23ca98","name":"Index","type":"html","source":"\u003c!DOCTYPE html\u003e\n\u003chtml\u003e\n  \u003chead\u003e\n    \u003cbase target\u003d\"_top\"\u003e\n    \u003clink href\u003d\"https://cdn.jsdelivr.net/npm/bootstrap@5.1.3/dist/css/bootstrap.min.css\" rel\u003d\"stylesheet\"\u003e\n    \u003c?!\u003d include(\u0027CSS\u0027); ?\u003e\n  \u003c/head\u003e\n  \u003cbody\u003e\n\n  \n\n\n   \u003ca href\u003d\"https://script.google.com/macros/s/AKfycbxUocMqfDl4DXTkc1a6Hodf0Q7hGnS6kJxOv0oVb01Idp3Hk8S8LRmUQbK-ur2XdWomiw/exec\" id\u003d\"visit\" hidden\u003e見学者用ページ\u003c/a\u003e\u003c!--https://script.google.com/macros/s/AKfycbwGmM00ZuJG0-YkBdungHOGxViaULYR2Zui4_RCd2RsrKs-Nw7rYpTs_jSPWq4cBODD/exec--\u003e\n    \u003ca href\u003d\"https://script.google.com/macros/s/AKfycbx-xtnXV3AdtZcm6q3_miV9ZV1eME1zcOR7MpNqUbLba1P4nA3wxaUCwRWfkwMXpfdv/exec\" id\u003d\"student\" hidden\u003e在校生用ページ\u003c/a\u003e\n    \u003ca href\u003d\"https://script.google.com/macros/s/AKfycbx4bhowYfVou1TbQjqzLFc7vVZbZjC27NKNxKCHeQRpd4Ih8q7AlT-VZmEe1eHlVQL8dg/exec\" id\u003d\"admin\" hidden\u003e管理者用ページ\u003c/a\u003e\n    \u003cdiv class\u003d\"container mt-5\"\u003e\n      \u003cdiv class\u003d\"row justify-content-center\"\u003e\n        \u003cdiv class\u003d\"col-md-6\"\u003e\n          \u003c!-- Current User Info --\u003e\n          \u003cdiv class\u003d\"alert alert-info mb-4\" id\u003d\"currentUserInfo\"\u003e\n            現在のGoogleアカウント: \u003cspan id\u003d\"currentUserEmail\"\u003e読み込み中...\u003c/span\u003e\n          \u003c/div\u003e\n          \n          \u003c!-- Tabs --\u003e\n          \u003cul class\u003d\"nav nav-tabs\" id\u003d\"authTabs\" role\u003d\"tablist\"\u003e\n            \u003cli class\u003d\"nav-item\" role\u003d\"presentation\"\u003e\n              \u003cbutton class\u003d\"nav-link active\" id\u003d\"register-tab\" data-bs-toggle\u003d\"tab\" data-bs-target\u003d\"#register\" type\u003d\"button\"\u003e登録\u003c/button\u003e\n            \u003c/li\u003e\n            \u003cli class\u003d\"nav-item\" role\u003d\"presentation\"\u003e\n              \u003cbutton class\u003d\"nav-link\" id\u003d\"login-tab\" data-bs-toggle\u003d\"tab\" data-bs-target\u003d\"#login\" type\u003d\"button\"\u003eログイン\u003c/button\u003e\n            \u003c/li\u003e\n          \u003c/ul\u003e\n          \n          \u003c!-- Tab Content --\u003e\n          \u003cdiv class\u003d\"tab-content\" id\u003d\"authTabContent\"\u003e\n            \u003c!-- Register Form --\u003e\n            \u003cdiv class\u003d\"tab-pane fade show active\" id\u003d\"register\"\u003e\n              \u003cdiv class\u003d\"card\"\u003e\n                \u003cdiv class\u003d\"card-body\"\u003e\n                  \u003ch3 class\u003d\"card-title text-center mb-4\"\u003e新規登録\u003c/h3\u003e\n                  \u003cform id\u003d\"registerForm\" onsubmit\u003d\"handleRegister(event)\"\u003e\n                    \u003cdiv class\u003d\"mb-3\"\u003e\n                      \u003clabel for\u003d\"registerEmail\" class\u003d\"form-label\"\u003eメールアドレス\u003c/label\u003e\n                      \u003cinput type\u003d\"email\" class\u003d\"form-control\" id\u003d\"registerEmail\" required readonly\u003e\n                      \u003csmall class\u003d\"form-text text-muted\"\u003e現在ログインしているGoogleアカウントのメールアドレスが使用されます\u003c/small\u003e\n                    \u003c/div\u003e\n                    \u003cdiv class\u003d\"mb-3\"\u003e\n                      \u003clabel for\u003d\"registerUsername\" class\u003d\"form-label\"\u003eユーザー名\u003c/label\u003e\n                      \u003cinput type\u003d\"text\" class\u003d\"form-control\" id\u003d\"registerUsername\" required\u003e\n                    \u003c/div\u003e\n                    \u003cdiv class\u003d\"mb-3\"\u003e\n                      \u003clabel for\u003d\"registerPassword\" class\u003d\"form-label\"\u003eパスワード\u003c/label\u003e\n                      \u003cinput type\u003d\"password\" class\u003d\"form-control\" id\u003d\"registerPassword\" required\u003e\n                    \u003c/div\u003e\n                    \u003cbutton type\u003d\"submit\" class\u003d\"btn btn-primary w-100\"\u003e登録\u003c/button\u003e\n                  \u003c/form\u003e\n                \u003c/div\u003e\n              \u003c/div\u003e\n            \u003c/div\u003e\n            \n            \u003c!-- Login Form --\u003e\n            \u003cdiv class\u003d\"tab-pane fade\" id\u003d\"login\"\u003e\n              \u003cdiv class\u003d\"card\"\u003e\n                \u003cdiv class\u003d\"card-body\"\u003e\n                  \u003ch3 class\u003d\"card-title text-center mb-4\"\u003eログイン\u003c/h3\u003e\n                  \u003cform id\u003d\"loginForm\" onsubmit\u003d\"handleLogin(event)\"\u003e\n                    \u003cdiv class\u003d\"mb-3\"\u003e\n                      \u003clabel for\u003d\"loginEmail\" class\u003d\"form-label\"\u003eメールアドレス\u003c/label\u003e\n                      \u003cinput type\u003d\"email\" class\u003d\"form-control\" id\u003d\"loginEmail\" required readonly\u003e\n                      \u003csmall class\u003d\"form-text text-muted\"\u003e現在ログインしているGoogleアカウントのメールアドレスが使用されます\u003c/small\u003e\n                    \u003c/div\u003e\n                    \u003cdiv class\u003d\"mb-3\"\u003e\n                      \u003clabel for\u003d\"loginPassword\" class\u003d\"form-label\"\u003eパスワード\u003c/label\u003e\n                      \u003cinput type\u003d\"password\" class\u003d\"form-control\" id\u003d\"loginPassword\" required\u003e\n                    \u003c/div\u003e\n                    \u003cbutton type\u003d\"submit\" class\u003d\"btn btn-primary w-100\"\u003eログイン\u003c/button\u003e\n                  \u003c/form\u003e\n                \u003c/div\u003e\n              \u003c/div\u003e\n            \u003c/div\u003e\n          \u003c/div\u003e\n        \u003c/div\u003e\n      \u003c/div\u003e\n    \u003c/div\u003e\n    \n    \u003c!-- Alert Modal --\u003e\n    \u003cdiv class\u003d\"modal fade\" id\u003d\"alertModal\" tabindex\u003d\"-1\"\u003e\n      \u003cdiv class\u003d\"modal-dialog\"\u003e\n        \u003cdiv class\u003d\"modal-content\"\u003e\n          \u003cdiv class\u003d\"modal-header\"\u003e\n            \u003ch5 class\u003d\"modal-title\"\u003eメッセージ\u003c/h5\u003e\n            \u003cbutton type\u003d\"button\" class\u003d\"btn-close\" data-bs-dismiss\u003d\"modal\"\u003e\u003c/button\u003e\n          \u003c/div\u003e\n          \u003cdiv class\u003d\"modal-body\"\u003e\n            \u003cp id\u003d\"modalMessage\"\u003e\u003c/p\u003e\n          \u003c/div\u003e\n          \u003cdiv class\u003d\"modal-footer\"\u003e\n            \u003cbutton type\u003d\"button\" class\u003d\"btn btn-primary\" data-bs-dismiss\u003d\"modal\"\u003eOK\u003c/button\u003e\n          \u003c/div\u003e\n        \u003c/div\u003e\n      \u003c/div\u003e\n    \u003c/div\u003e\n    \n    \u003cscript src\u003d\"https://cdn.jsdelivr.net/npm/bootstrap@5.1.3/dist/js/bootstrap.bundle.min.js\"\u003e\u003c/script\u003e\n    \u003c?!\u003d include(\u0027JavaScript\u0027); ?\u003e\n  \u003c/body\u003e\n\u003c/html\u003e\n"},{"id":"e5a091f3-5e17-47d4-8cde-135a840a3582","name":"CSS","type":"html","source":"\u003cstyle\u003e\n.card {\n  border-top-left-radius: 0;\n  border-top-right-radius: 0;\n}\n\n.nav-tabs .nav-link {\n  cursor: pointer;\n}\n\n.tab-content {\n  background-color: #fff;\n  padding: 20px;\n  border-left: 1px solid #dee2e6;\n  border-right: 1px solid #dee2e6;\n  border-bottom: 1px solid #dee2e6;\n}\n\n.card-title {\n  color: #333;\n  font-weight: 500;\n}\n\n.form-label {\n  font-weight: 500;\n}\n\n.btn-primary {\n  background-color: #0d6efd;\n  border-color: #0d6efd;\n}\n\n.btn-primary:hover {\n  background-color: #0b5ed7;\n  border-color: #0a58ca;\n}\n\u003c/style\u003e\n"},{"id":"d00f5594-53b2-4eaa-8395-d5f576f11abb","name":"JavaScript","type":"html","source":"\u003cscript\u003e\n// Load current user email on page load\nwindow.onload \u003d function() {\n  google.script.run\n    .withSuccessHandler(function(email) {\n      document.getElementById(\u0027currentUserEmail\u0027).textContent \u003d email;\n      document.getElementById(\u0027registerEmail\u0027).value \u003d email;\n      document.getElementById(\u0027loginEmail\u0027).value \u003d email;\n    })\n    .withFailureHandler(function(error) {\n      document.getElementById(\u0027currentUserEmail\u0027).textContent \u003d \u0027エラー: メールアドレスを取得できません\u0027;\n      showError(error);\n    })\n    .getCurrentUserEmail();\n}\n\nfunction handleRegister(event) {\n  event.preventDefault();\n  \n  const email \u003d document.getElementById(\u0027registerEmail\u0027).value;\n  const username \u003d document.getElementById(\u0027registerUsername\u0027).value;\n  const password \u003d document.getElementById(\u0027registerPassword\u0027).value;\n  \n  google.script.run\n    .withSuccessHandler(showMessage)\n    .withFailureHandler(showError)\n    .registerUser(email, username, password);\n}\n\nfunction handleLogin(event) {\n  event.preventDefault();\n  \n  const email \u003d document.getElementById(\u0027loginEmail\u0027).value;\n  const password \u003d document.getElementById(\u0027loginPassword\u0027).value;\n  \n  google.script.run\n    .withSuccessHandler(handleLoginResponse)\n    .withFailureHandler(showError)\n    .loginUser(email, password);\n}\n\nfunction handleLoginResponse(response) {\n  if (response.success) {\n    showMessage(response);\n  if(response.control\u003d\u003d\"見学者\"){\n    visit.click();\n   }else if(response.control\u003d\u003d\"在校生\"){\n    student.click();\n   }else if(response.control\u003d\u003d\"管理者\"){\n    admin.click();\n   }\n    // ログイン後の処理をここに追加\n    // 例: 別ページへのリダイレクトなど\n    google.script.run\n    .withSuccessHandler(getcontrol)\n    .getCurrentUserEmail();\n    \n  } else {\n    showMessage(response);\n  }\n}\n\nfunction getcontrol(email){\n  google.script.run\n    .withSuccessHandler(redirect)\n    .checkcontrol(email);\n     \n}\n\nfunction redirect(control){\n  console.log(control);\n if(control\u003d\u003d\"見学者\"){\n  visit.click();\n }else if(control\u003d\u003d\"在校生\"){\n  student.click();\n }else if(control\u003d\u003d\"管理者\"){\n  admin.click();\n }\n}\n\n\nfunction showMessage(response) {\n  const modal \u003d new bootstrap.Modal(document.getElementById(\u0027alertModal\u0027));\n  document.getElementById(\u0027modalMessage\u0027).textContent \u003d response.message;\n  modal.show();\n}\n\nfunction showError(error) {\n  showMessage({ message: \u0027エラーが発生しました: \u0027 + error.message });\n}\n\u003c/script\u003e"},{"id":"be2d80aa-b0d0-4f98-a950-b34bf79b5ac6","name":"incident","type":"html","source":"ユーザー登録の操作を行うと暗くなって動かなくなる\n"}]}