{"files":[{"id":"97d5d252-3d7d-4a6d-968e-a7f18a9adb15","name":"appsscript","type":"json","source":"{\n  \"timeZone\": \"Asia/Tokyo\",\n  \"dependencies\": {},\n  \"exceptionLogging\": \"STACKDRIVER\",\n  \"runtimeVersion\": \"V8\",\n  \"webapp\": {\n    \"executeAs\": \"USER_DEPLOYING\",\n    \"access\": \"MYSELF\"\n  }\n}"},{"id":"e10b1a34-3dac-4ea8-be71-7ef72a28a890","name":"Code","type":"server_js","source":"// スプレッドシートIDを設定（実際のスプレッドシートIDに置き換えてください）\nconst SPREADSHEET_ID \u003d \u00271ZdFrXAVgpB6WX_8tE0iDdEGRKGC_LIoQCpDwJHV9yj4\u0027; // ここにスプレッドシートIDを入力\nconst USER_SPREADSHEET_ID \u003d \u002715GypRuuX1hg8rbQsgdv4zN4jvKPmm6zl5vU_FQyuiyU\u0027;\n// スプレッドシートの初期化\nfunction initializeSpreadsheet() {\n  const ss \u003d SpreadsheetApp.openById(SPREADSHEET_ID);\n  const sheet \u003d ss.getSheets()[0];\n  \n  // ヘッダーが存在しない場合は追加\n  if (sheet.getLastRow() \u003d\u003d\u003d 0) {\n    sheet.getRange(1, 1, 1, 7).setValues([\n      [\u0027メールアドレス\u0027, \u0027名前\u0027, \u0027自己紹介\u0027,\u0027学科\u0027,\u0027学年\u0027,\u0027通学方法\u0027,\u0027部活動\u0027]\n    ]);\n  }\n  return sheet;\n}\n\nfunction doGet() {\n  return HtmlService.createTemplateFromFile(\u0027Index\u0027)\n    .evaluate()\n    .setTitle(\u0027イベント管理システム\u0027)\n    .addMetaTag(\u0027viewport\u0027, \u0027width\u003ddevice-width, initial-scale\u003d1\u0027);\n}\n\nfunction include(filename) {\n  return HtmlService.createHtmlOutputFromFile(filename).getContent();\n}\n\nfunction getuserdata(email){\n  \n  const sheet \u003d initializeSpreadsheet();\n  const data \u003d sheet.getDataRange().getValues();\n  const user \u003d data.find(row \u003d\u003e row[0] \u003d\u003d\u003d email);\n  user.push(data.findIndex(row \u003d\u003e row[0] \u003d\u003d\u003d email));\n  //const emailExists \u003d data.some(row \u003d\u003e row[0] \u003d\u003d\u003d \u0027matsu3141@au.com\u0027)\n  Logger.log(user)\n  return user;\n}\n\n\n\n\nfunction updateEvent(rowIndex, eventData) {\n  const sheet \u003d initializeSpreadsheet();\n  const range \u003d sheet.getRange(rowIndex + 1, 1, 1, 7);\n  range.setValues([[\n    eventData.email,\n    eventData.username,\n    eventData.description,\n    eventData.dep,\n    eventData.grade,\n    eventData.way,\n    eventData.club\n  ]]);\n  return true;\n}\n\n\n\nfunction getCurrentUserEmail() {\n  Logger.log(Session.getActiveUser().getEmail())\n  return Session.getActiveUser().getEmail();\n}"},{"id":"95ea10d1-1d4a-4801-b93f-2ca06311dad2","name":"Index","type":"html","source":"\u003c!DOCTYPE html\u003e\n\u003chtml\u003e\n\u003chead\u003e\n  \u003cbase target\u003d\"_top\"\u003e\n  \u003clink href\u003d\"https://cdn.jsdelivr.net/npm/bootstrap@5.1.3/dist/css/bootstrap.min.css\" rel\u003d\"stylesheet\"\u003e\n  \u003cscript src\u003d\"https://cdn.jsdelivr.net/npm/bootstrap@5.1.3/dist/js/bootstrap.bundle.min.js\"\u003e\u003c/script\u003e\n  \u003cscript src\u003d\"https://ajax.googleapis.com/ajax/libs/jquery/3.4.0/jquery.min.js\"\u003e\u003c/script\u003e\n  \u003c?!\u003d include(\u0027JavaScript\u0027); ?\u003e\n\u003c/head\u003e\n\u003cbody\u003e\n  \u003cdiv class\u003d\"container mt-4\"\u003e\n    \u003ch1\u003eイベント管理ページ\u003c/h1\u003e\n    \n    \u003c!-- イベント登録フォーム --\u003e\n    \u003cdiv class\u003d\"card mb-4\"\u003e\n      \u003cdiv class\u003d\"card-header\"\u003e\n        \u003ch5 class\u003d\"card-title mb-0\"\u003e新規イベント登録\u003c/h5\u003e\n      \u003c/div\u003e\n      \u003cdiv class\u003d\"card-body\"\u003e\n        \u003cform id\u003d\"eventForm\"\u003e\n          \u003cdiv class\u003d\"mb-3\"\u003e\n            \u003clabel for\u003d\"username\" class\u003d\"form-label\"\u003eユーザー名\u003c/label\u003e\n            \u003cinput type\u003d\"text\" class\u003d\"form-control\"  id\u003d\"username\" required\u003e\n          \u003c/div\u003e\n          \u003cdiv class\u003d\"mb-3\"\u003e\n            \u003clabel for\u003d\"description\" class\u003d\"form-label\"\u003e自己紹介\u003c/label\u003e\n            \u003ctextarea class\u003d\"form-control\" id\u003d\"description\" required\u003e\u003c/textarea\u003e\n          \u003c/div\u003e\n\n          \u003cdiv\u003e\n            \u003clabel for\u003d\"name\" class\u003d\"form-label\" \u003e学科\u003c/label\u003e\n            \u003cselect class\u003d\"form-select form-select-lg mb-3\" id\u003d\"select-dep\" aria-label\u003d\".form-select-lg example\"\u003e\n              \u003coption selected\u003e所属学科\u003c/option\u003e\n              \u003coption value\u003d\"電子制御工学科\"\u003e電子制御工学科\u003c/option\u003e\n              \u003coption value\u003d\"制御情報工学科\"\u003e制御情報工学科\u003c/option\u003e\n              \u003coption value\u003d\"電気電子工学科\"\u003e電気電子工学科\u003c/option\u003e\n              \u003coption value\u003d\"機械工学科\"\u003e機械工学科\u003c/option\u003e\n              \u003coption value\u003d\"物質工学科\"\u003e物質工学科\u003c/option\u003e\n            \u003c/select\u003e\n          \u003c/div\u003e\n          \u003cdiv\u003e\n            \u003clabel for\u003d\"name\" class\u003d\"form-label\" \u003e学年\u003c/label\u003e\n            \u003cselect class\u003d\"form-select form-select-lg mb-3\" id\u003d\"select-grade\" aria-label\u003d\".form-select-lg example\"\u003e\n              \u003coption selected\u003e学年\u003c/option\u003e\n              \u003coption value\u003d\"1年生\"\u003e1年生\u003c/option\u003e\n              \u003coption value\u003d\"2年生\"\u003e2年生\u003c/option\u003e\n              \u003coption value\u003d\"3年生\"\u003e3年生\u003c/option\u003e\n              \u003coption value\u003d\"4年生\"\u003e4年生\u003c/option\u003e\n              \u003coption value\u003d\"5年生\"\u003e5年生\u003c/option\u003e\n            \u003c/select\u003e\n          \u003c/div\u003e\n          \u003cdiv\u003e\n            \u003clabel for\u003d\"name\" class\u003d\"form-label\" \u003e通学方法\u003c/label\u003e\n            \u003cselect class\u003d\"form-select form-select-lg mb-3\" id\u003d\"select-way\" aria-label\u003d\".form-select-lg example\"\u003e\n              \u003coption selected\u003e通学方法\u003c/option\u003e\n              \u003coption value\u003d\"自宅\"\u003e自宅\u003c/option\u003e\n              \u003coption value\u003d\"下宿\"\u003e下宿\u003c/option\u003e\n              \u003coption value\u003d\"寮生活\"\u003e寮生活\u003c/option\u003e\n            \u003c/select\u003e\n          \u003c/div\u003e\n          \u003cdiv\u003e\n            \u003clabel for\u003d\"name\" class\u003d\"form-label\" \u003e所属部活動、同好会\u003c/label\u003e\n            \u003cselect class\u003d\"form-select form-select-lg mb-3\" id\u003d\"select-club\" aria-label\u003d\".form-select-lg example\"\u003e\n              \u003coption selected\u003e所属部活動、同好会\u003c/option\u003e\n              \u003coption value\u003d\"部活1\"\u003e部活１\u003c/option\u003e\n              \u003coption value\u003d\"部活2\"\u003e部活２\u003c/option\u003e\n              \u003coption value\u003d\"部活3\"\u003e部活３\u003c/option\u003e\n            \u003c/select\u003e\n          \u003c/div\u003e\n          \u003cbr\u003e\n          \u003cinput type\u003d\"hidden\" id\u003d\"userIndex\"\u003e\n          \u003cbutton type\u003d\"submit\" class\u003d\"btn btn-primary\"\u003e登録\u003c/button\u003e\n          \u003c!-- \u003cbutton type\u003d\"button\" class\u003d\"btn btn-secondary\" onclick\u003d\"resetForm()\"\u003eリセット\u003c/button\u003e --\u003e\n        \u003c/form\u003e\n      \u003c/div\u003e\n    \u003c/div\u003e\n\n    \n  \u003c/div\u003e\n\u003c/body\u003e\n\u003c/html\u003e\n"},{"id":"9208ce40-90a6-4928-b498-f0849cf9d040","name":"JavaScript","type":"html","source":"\u003cscript\u003e\nlet currentUserEmail \u003d \u0027\u0027;\n\n// ページ読み込み時の処理\nwindow.onload \u003d function() {\n  //loadEvents();\n console.log(\u00271\u0027);\n  google.script.run\n    .withSuccessHandler(editEvent)\n    .getuserdata(getCurrentUser());\n  console.log(\u00274\u0027);\n  // フォームの送信イベントを処理\n  document.getElementById(\u0027eventForm\u0027).addEventListener(\u0027submit\u0027, handleFormSubmit);\n};\n\n// 現在のユーザーのメールアドレスを取得\nfunction getCurrentUser() {\n  console.log(\u00272\u0027);\n  google.script.run\n    .withSuccessHandler(function(email) {\n      currentUserEmail \u003d email;\n      console.log(\u00272.5\u0027);\n      google.script.run\n      .withSuccessHandler(editEvent)\n      .getuserdata(currentUserEmail);\n    })\n    .getCurrentUserEmail();\n    console.log(\u00273\u0027);\n    console.log(currentUserEmail);\n    return currentUserEmail;\n}\n\n\n\n\n// フォーム送信処理\nfunction handleFormSubmit(e) {\n  e.preventDefault();\n  console.log(\u0027aba\u0027);\n  console.log(currentUserEmail);\n  console.log(document.getElementById(\u0027select-club\u0027).value);\n  const eventData \u003d {\n    email: currentUserEmail,\n    username: document.getElementById(\u0027username\u0027).value,\n    description: document.getElementById(\u0027description\u0027).value,\n    \n    dep: document.getElementById(\u0027select-dep\u0027).value,\n    grade: document.getElementById(\u0027select-grade\u0027).value,\n    way: document.getElementById(\u0027select-way\u0027).value,\n    club: document.getElementById(\u0027select-club\u0027).value,\n  \n  };\n  \n  \n  console.log(eventData);\n  \n    // 更新\n    google.script.run\n      .withSuccessHandler(onSuccess)\n      .withFailureHandler(onFailure)\n      .updateEvent(parseInt(document.getElementById(\u0027userIndex\u0027).value), eventData);\n\n}\n\n\n\n// イベント編集\nfunction editEvent(user) {\n  \n  console.log(\u0027editevent\u0027);\n  console.log(user);\n  document.getElementById(\u0027username\u0027).value \u003d user[1];\n  document.getElementById(\u0027description\u0027).value \u003d user[2];\n  document.getElementById(\u0027select-dep\u0027).value \u003d user[3];\n  document.getElementById(\u0027select-grade\u0027).value \u003d user[4];\n  document.getElementById(\u0027select-way\u0027).value \u003d user[5];\n  document.getElementById(\u0027select-club\u0027).value \u003d user[6];\n  document.getElementById(\u0027userIndex\u0027).value \u003d user[7];\n}\n\n\n\n\n\n// 成功時の処理\nfunction onSuccess() {\n  //resetForm();\n  //loadEvents();\n  alert(\u0027処理が完了しました。\u0027);\n}\n\n// 失敗時の処理\nfunction onFailure(error) {\n  alert(\u0027エラーが発生しました: \u0027 + error.message);\n}\n\n// HTML特殊文字をエスケープ\nfunction escapeHtml(unsafe) {\n  return unsafe\n    .replace(/\u0026/g, \"\u0026amp;\")\n    .replace(/\u003c/g, \"\u0026lt;\")\n    .replace(/\u003e/g, \"\u0026gt;\")\n    .replace(/\"/g, \"\u0026quot;\")\n    .replace(/\u0027/g, \"\u0026#039;\");\n}\n\n// 日時のフォーマット\nfunction formatDateTime(date) {\n  return new Date(date).toLocaleString(\u0027ja-JP\u0027);\n}\n\n// 入力フォーム用に日時をフォーマット\nfunction formatDateTimeForInput(dateStr) {\n  const date \u003d new Date(dateStr);\n  return date.toISOString().slice(0, 16);\n}\n\u003c/script\u003e"}]}