{"files":[{"id":"a06b3d0c-e6f4-439a-94c5-7cc88e11989f","name":"appsscript","type":"json","source":"{\n  \"timeZone\": \"Asia/Tokyo\",\n  \"dependencies\": {},\n  \"exceptionLogging\": \"STACKDRIVER\",\n  \"runtimeVersion\": \"V8\",\n  \"webapp\": {\n    \"executeAs\": \"USER_ACCESSING\",\n    \"access\": \"ANYONE\"\n  },\n  \"oauthScopes\": [\n    \"https://www.googleapis.com/auth/drive\",\n    \"https://www.googleapis.com/auth/script.external_request\",\n    \"https://www.googleapis.com/auth/spreadsheets\",\n    \"https://www.googleapis.com/auth/userinfo.email\"\n  ]\n}"},{"id":"7a73b67f-0a85-4c24-bd00-0c1c6f98ec2c","name":"Code","type":"server_js","source":"function doGet(e) {\n  // ページパラメータを取得\n  var page \u003d e.parameter.page;\n  \n  // パラメータに応じてページを切り替え\n  if (page \u003d\u003d\u003d \"ResevList\") {\n    return HtmlService.createTemplateFromFile(\u0027ResevList\u0027)\n      .evaluate()\n      .setTitle(\u0027予約確認\u0027);\n  } else if (page \u003d\u003d\u003d \"Regist\") {\n    return HtmlService.createTemplateFromFile(\u0027Regist\u0027)\n      .evaluate()\n      .setTitle(\u0027登録ページ\u0027);\n  } else if (page \u003d\u003d\u003d \"Prof\") {\n    return HtmlService.createTemplateFromFile(\u0027Prof\u0027)\n      .evaluate()\n      .setTitle(\u0027プロフィール変更\u0027);\n  } else {\n    // デフォルトページ（ホーム）\n    return HtmlService.createTemplateFromFile(\u0027Home\u0027)\n      .evaluate()\n      .setTitle(\u0027ホームページ\u0027);\n  }\n}\n\n// URLを生成する関数\nfunction getScriptUrl() {\n  return ScriptApp.getService().getUrl();\n}\n\n\n"},{"id":"7a4218af-e99f-4c5d-9f45-652472ed3231","name":"Home","type":"html","source":"\u003c!--\u003c!DOCTYPE html\u003e\n\u003chtml lang\u003d\"ja\"\u003e\n\u003chead\u003e\n    \u003cbase target\u003d\"_top\"\u003e\n    \u003cmeta charset\u003d\"UTF-8\"\u003e\n    \u003cmeta name\u003d\"viewport\" content\u003d\"width\u003ddevice-width, initial-scale\u003d1.0\"\u003e\n    \u003ctitle\u003eBootstrap Navbar App\u003c/title\u003e\n    \n   \n    \u003clink href\u003d\"https://cdn.jsdelivr.net/npm/bootstrap@5.3.0/dist/css/bootstrap.min.css\" rel\u003d\"stylesheet\"\u003e\n    \n    \u003cnav class\u003d\"navbar navbar-expand-lg navbar-dark bg-primary\"\u003e\n   \u003cdiv class\u003d\"container-fluid\"\u003e\n     \u003ca class\u003d\"navbar-brand\" href\u003d\"\u003c?\u003d getScriptUrl() ?\u003e?page\u003dform\"\u003eホーム画面\u003c/a\u003e\n     \u003cbutton class\u003d\"navbar-toggler\" type\u003d\"button\" data-bs-toggle\u003d\"collapse\" data-bs-target\u003d\"#navbarNavAltMarkup\"  aria-controls\u003d\"navbarNavAltMarkup\" aria-expanded\u003d\"false\" aria-label\u003d\"Toggle navigation\"\u003e\n       \u003cspan class\u003d\"navbar-toggler-icon\"\u003e\u003c/span\u003e\n     \u003c/button\u003e\n     \u003cdiv class\u003d\"collapse navbar-collapse\" id\u003d\"navbarNavAltMarkup\"\u003e\n       \u003cdiv class\u003d\"navbar-nav\"\u003e\n         \u003ca class\u003d\"nav-link active\" aria-current\u003d\"page\" href\u003d\"\u003c?\u003d getScriptUrl() ?\u003e?page\u003dRegist\"\u003e登録ページ\u003c/a\u003e\n        \n         \u003ca class\u003d\"nav-link\" href\u003d\"\u003c?\u003d getScriptUrl() ?\u003e?page\u003dProf\"\u003eプロフィール\u003c/a\u003e\n         \n       \u003c/div\u003e\n     \u003c/div\u003e\n   \u003c/div\u003e\n \u003c/nav\u003e\n\u003c/head\u003e\n\u003cbody\u003e\n ホーム\n\u003c/body\u003e--\u003e\n\n\u003c!DOCTYPE html\u003e\n\u003chtml lang\u003d\"ja\"\u003e\n\u003chead\u003e\n    \u003cbase target\u003d\"_top\"\u003e\n    \u003cmeta charset\u003d\"UTF-8\"\u003e\n    \u003cmeta name\u003d\"viewport\" content\u003d\"width\u003ddevice-width, initial-scale\u003d1.0\"\u003e\n    \u003ctitle\u003eBootstrap Navbar App\u003c/title\u003e\n    \n    \u003c!-- Bootstrap CSS --\u003e\n    \u003clink href\u003d\"https://cdn.jsdelivr.net/npm/bootstrap@5.3.0/dist/css/bootstrap.min.css\" rel\u003d\"stylesheet\"\u003e\n\u003c/head\u003e\n\u003cbody\u003e\n  \u003cnav class\u003d\"navbar navbar-expand-lg navbar-dark bg-primary\"\u003e\n    \u003cdiv class\u003d\"container-fluid\"\u003e\n      \u003ca class\u003d\"navbar-brand\" href\u003d\"\u003c?\u003d getScriptUrl() ?\u003e?page\u003dform\"\u003eホーム画面\u003c/a\u003e\n      \u003cbutton \n        class\u003d\"navbar-toggler\" \n        type\u003d\"button\" \n        data-bs-toggle\u003d\"collapse\" \n        data-bs-target\u003d\"#navbarNavAltMarkup\" \n        aria-controls\u003d\"navbarNavAltMarkup\" \n        aria-expanded\u003d\"false\" \n        aria-label\u003d\"Toggle navigation\"\u003e\n        \u003cspan class\u003d\"navbar-toggler-icon\"\u003e\u003c/span\u003e\n      \u003c/button\u003e\n      \u003cdiv class\u003d\"collapse navbar-collapse\" id\u003d\"navbarNavAltMarkup\"\u003e\n        \u003cul class\u003d\"navbar-nav\"\u003e\n          \u003cli class\u003d\"nav-item\"\u003e\n            \u003ca class\u003d\"nav-link active\" aria-current\u003d\"page\" href\u003d\"\u003c?\u003d getScriptUrl() ?\u003e?page\u003dRegist\"\u003e登録ページ\u003c/a\u003e\n          \u003c/li\u003e\n          \u003cli class\u003d\"nav-item\"\u003e\n            \u003ca class\u003d\"nav-link\" href\u003d\"\u003c?\u003d getScriptUrl() ?\u003e?page\u003dProf\"\u003eプロフィール\u003c/a\u003e\n          \u003c/li\u003e\n        \u003c/ul\u003e\n      \u003c/div\u003e\n    \u003c/div\u003e\n  \u003c/nav\u003e\n  \n  \u003cdiv class\u003d\"container mt-3\"\u003e\n    \u003ch1\u003eホーム\u003c/h1\u003e\n    \u003cp\u003eこれはナビバー付きのウェブアプリです。\u003c/p\u003e\n  \u003c/div\u003e\n \u003ca class\u003d\"nav-link\" href\u003d\"\u003c?\u003d getScriptUrl() ?\u003e?page\u003dResevList\"\u003e予約確認\u003c/a\u003e\n  \u003c!-- Bootstrap Bundle with Popper --\u003e\n  \u003cscript src\u003d\"https://cdn.jsdelivr.net/npm/bootstrap@5.3.0/dist/js/bootstrap.bundle.min.js\"\u003e\u003c/script\u003e\n\u003c/body\u003e\n\u003c/html\u003e\n"},{"id":"8c65508b-4f70-4e9d-8876-9d03bb1551b6","name":"Prof","type":"html","source":"\u003c!DOCTYPE html\u003e\n\u003chtml lang\u003d\"ja\"\u003e\n\u003chead\u003e\n    \u003cbase target\u003d\"_top\"\u003e\n    \u003cmeta charset\u003d\"UTF-8\"\u003e\n    \u003cmeta name\u003d\"viewport\" content\u003d\"width\u003ddevice-width, initial-scale\u003d1.0\"\u003e\n    \u003ctitle\u003eBootstrap Navbar App\u003c/title\u003e\n    \n    \u003c!-- Bootstrap CSS --\u003e\n    \u003clink href\u003d\"https://cdn.jsdelivr.net/npm/bootstrap@5.3.0/dist/css/bootstrap.min.css\" rel\u003d\"stylesheet\"\u003e\n    \n    \u003cnav class\u003d\"navbar navbar-expand-lg navbar-dark bg-primary\"\u003e\n   \u003cdiv class\u003d\"container-fluid\"\u003e\n     \u003ca class\u003d\"navbar-brand\" href\u003d\"\u003c?\u003d getScriptUrl() ?\u003e?page\u003dform\"\u003eホーム画面\u003c/a\u003e\n     \u003cbutton class\u003d\"navbar-toggler\" type\u003d\"button\" data-bs-toggle\u003d\"collapse\" data-bs-target\u003d\"#navbarNavAltMarkup\"  aria-controls\u003d\"navbarNavAltMarkup\" aria-expanded\u003d\"false\" aria-label\u003d\"Toggle navigation\"\u003e\n       \u003cspan class\u003d\"navbar-toggler-icon\"\u003e\u003c/span\u003e\n     \u003c/button\u003e\n     \u003cdiv class\u003d\"collapse navbar-collapse\" id\u003d\"navbarNavAltMarkup\"\u003e\n       \u003cdiv class\u003d\"navbar-nav\"\u003e\n         \u003ca class\u003d\"nav-link active\" aria-current\u003d\"page\" href\u003d\"\u003c?\u003d getScriptUrl() ?\u003e?page\u003dRegist\"\u003e登録ページ\u003c/a\u003e\n         \u003c!--\u003ca class\u003d\"nav-link\" href\u003d\"\u003c?\u003d getScriptUrl() ?\u003e?page\u003dResevList\"\u003e予約確認\u003c/a\u003e--\u003e\n         \u003ca class\u003d\"nav-link\" href\u003d\"\u003c?\u003d getScriptUrl() ?\u003e?page\u003dProf\"\u003eプロフィール\u003c/a\u003e\n         \n       \u003c/div\u003e\n     \u003c/div\u003e\n   \u003c/div\u003e\n \u003c/nav\u003e\n \u003c?!\u003d include(\u0027ProfJavaScript\u0027); ?\u003e\n\u003c/head\u003e\n\u003cbody\u003e\n  \u003cdiv class\u003d\"container mt-4\"\u003e\n    \u003ch1\u003eプロフィール管理ページ\u003c/h1\u003e\n    \n    \u003c!-- イベント登録フォーム --\u003e\n    \u003cdiv class\u003d\"card mb-4\"\u003e\n      \u003cdiv class\u003d\"card-header\"\u003e\n        \u003ch5 class\u003d\"card-title mb-0\"\u003e新規イベント登録\u003c/h5\u003e\n      \u003c/div\u003e\n      \u003cdiv class\u003d\"card-body\"\u003e\n        \u003cform id\u003d\"eventForm\"\u003e\n          \u003cdiv class\u003d\"mb-3\"\u003e\n            \u003clabel for\u003d\"username\" class\u003d\"form-label\"\u003eユーザー名\u003c/label\u003e\n            \u003cinput type\u003d\"text\" class\u003d\"form-control\"  id\u003d\"username\" required\u003e\n          \u003c/div\u003e\n          \u003cdiv class\u003d\"mb-3\"\u003e\n            \u003clabel for\u003d\"description\" class\u003d\"form-label\"\u003e自己紹介\u003c/label\u003e\n            \u003ctextarea class\u003d\"form-control\" id\u003d\"description\" required\u003e\u003c/textarea\u003e\n          \u003c/div\u003e\n\n          \u003cdiv\u003e\n            \u003clabel for\u003d\"name\" class\u003d\"form-label\" \u003e学科\u003c/label\u003e\n            \u003cselect class\u003d\"form-select form-select-lg mb-3\" id\u003d\"select-dep\" aria-label\u003d\".form-select-lg example\"\u003e\n              \u003coption selected\u003e所属学科\u003c/option\u003e\n              \u003coption value\u003d\"電子制御工学科\"\u003e電子制御工学科\u003c/option\u003e\n              \u003coption value\u003d\"制御情報工学科\"\u003e制御情報工学科\u003c/option\u003e\n              \u003coption value\u003d\"電気電子工学科\"\u003e電気電子工学科\u003c/option\u003e\n              \u003coption value\u003d\"機械工学科\"\u003e機械工学科\u003c/option\u003e\n              \u003coption value\u003d\"物質工学科\"\u003e物質工学科\u003c/option\u003e\n            \u003c/select\u003e\n          \u003c/div\u003e\n          \u003cdiv\u003e\n            \u003clabel for\u003d\"name\" class\u003d\"form-label\" \u003e学年\u003c/label\u003e\n            \u003cselect class\u003d\"form-select form-select-lg mb-3\" id\u003d\"select-grade\" aria-label\u003d\".form-select-lg example\"\u003e\n              \u003coption selected\u003e学年\u003c/option\u003e\n              \u003coption value\u003d\"1年生\"\u003e1年生\u003c/option\u003e\n              \u003coption value\u003d\"2年生\"\u003e2年生\u003c/option\u003e\n              \u003coption value\u003d\"3年生\"\u003e3年生\u003c/option\u003e\n              \u003coption value\u003d\"4年生\"\u003e4年生\u003c/option\u003e\n              \u003coption value\u003d\"5年生\"\u003e5年生\u003c/option\u003e\n            \u003c/select\u003e\n          \u003c/div\u003e\n          \u003cdiv\u003e\n            \u003clabel for\u003d\"name\" class\u003d\"form-label\" \u003e通学方法\u003c/label\u003e\n            \u003cselect class\u003d\"form-select form-select-lg mb-3\" id\u003d\"select-way\" aria-label\u003d\".form-select-lg example\"\u003e\n              \u003coption selected\u003e通学方法\u003c/option\u003e\n              \u003coption value\u003d\"自宅\"\u003e自宅\u003c/option\u003e\n              \u003coption value\u003d\"下宿\"\u003e下宿\u003c/option\u003e\n              \u003coption value\u003d\"寮生活\"\u003e寮生活\u003c/option\u003e\n            \u003c/select\u003e\n          \u003c/div\u003e\n          \u003cdiv\u003e\n            \u003clabel for\u003d\"name\" class\u003d\"form-label\" \u003e所属部活動、同好会\u003c/label\u003e\n            \u003cselect class\u003d\"form-select form-select-lg mb-3\" id\u003d\"select-club\" aria-label\u003d\".form-select-lg example\"\u003e\n              \u003coption selected\u003e所属部活動、同好会\u003c/option\u003e\n              \u003coption value\u003d\"野球部\"\u003e野球部\u003c/option\u003e\n              \u003coption value\u003d\"吹奏学部\"\u003e吹奏楽部\u003c/option\u003e\n              \u003coption value\u003d\"ロボコン部\"\u003eロボコン部\u003c/option\u003e\n              \u003coption value\u003d\"サッカー部\"\u003eサッカー部\u003c/option\u003e\n              \u003coption value\u003d\"バトミントン部\"\u003eバトミントン部\u003c/option\u003e\n              \u003coption value\u003d\"テニス部\"\u003eテニス部\u003c/option\u003e\n              \u003coption value\u003d\"所属なし\"\u003e所属なし\u003c/option\u003e\n            \u003c/select\u003e\n          \u003c/div\u003e\n          \u003cbr\u003e\n          \u003cinput type\u003d\"hidden\" id\u003d\"userIndex\"\u003e\n          \u003cbutton type\u003d\"submit\" class\u003d\"btn btn-primary\"\u003e登録\u003c/button\u003e\n          \u003c!-- \u003cbutton type\u003d\"button\" class\u003d\"btn btn-secondary\" onclick\u003d\"resetForm()\"\u003eリセット\u003c/button\u003e --\u003e\n        \u003c/form\u003e\n      \u003c/div\u003e\n    \u003c/div\u003e\n\n    \n  \u003c/div\u003e\n\u003c/body\u003e\n\u003c/html\u003e"},{"id":"a3e52b9a-b70f-4f14-b258-62ed7c7b4cde","name":"ProfJavaScript","type":"html","source":"\u003cscript\u003e\nlet currentUserEmail \u003d \u0027\u0027;\n\n// ページ読み込み時の処理\nwindow.onload \u003d function() {\n  //loadEvents();\n console.log(\u00271\u0027);\n console.log(\u0027prof_onload\u0027);\n  google.script.run\n    .withSuccessHandler(editEvent)\n    .getuserdata();\n  console.log(\u00274\u0027);\n  // フォームの送信イベントを処理\n  document.getElementById(\u0027eventForm\u0027).addEventListener(\u0027submit\u0027, handleFormSubmit);\n};\n\n// 現在のユーザーのメールアドレスを取得\nfunction getCurrentUser() {\n  console.log(\u00272\u0027);\n  google.script.run\n    .withSuccessHandler(function(email) {\n      currentUserEmail \u003d email;\n      console.log(\u00272.5\u0027);\n      google.script.run\n      .withSuccessHandler(editEvent)\n      .getuserdata(currentUserEmail);\n    })\n    .getCurrentUserEmail();\n    console.log(\u00273\u0027);\n    console.log(currentUserEmail);\n    return currentUserEmail;\n}\n\n\n\n\n// フォーム送信処理\nfunction handleFormSubmit(e) {\n  e.preventDefault();\n  console.log(\u0027aba\u0027);\n  console.log(currentUserEmail);\n  console.log(document.getElementById(\u0027select-club\u0027).value);\n  const eventData \u003d {\n    email: currentUserEmail,\n    username: document.getElementById(\u0027username\u0027).value,\n    description: document.getElementById(\u0027description\u0027).value,\n    \n    dep: document.getElementById(\u0027select-dep\u0027).value,\n    grade: document.getElementById(\u0027select-grade\u0027).value,\n    way: document.getElementById(\u0027select-way\u0027).value,\n    club: document.getElementById(\u0027select-club\u0027).value,\n  \n  };\n  \n  \n  console.log(eventData);\n  \n    // 更新\n    google.script.run\n      .withSuccessHandler(onSuccess)\n      .withFailureHandler(onFailure)\n      .updateEvent(parseInt(document.getElementById(\u0027userIndex\u0027).value), eventData);\n\n}\n\n\n\n// イベント編集\nfunction editEvent(user) {\n  \n  console.log(\u0027editevent\u0027);\n  console.log(user);\n  document.getElementById(\u0027username\u0027).value \u003d user[1];\n  document.getElementById(\u0027description\u0027).value \u003d user[2];\n  document.getElementById(\u0027select-dep\u0027).value \u003d user[3];\n  document.getElementById(\u0027select-grade\u0027).value \u003d user[4];\n  document.getElementById(\u0027select-way\u0027).value \u003d user[5];\n  document.getElementById(\u0027select-club\u0027).value \u003d user[6];\n  document.getElementById(\u0027userIndex\u0027).value \u003d user[7];\n}\n\n\n\n\n\n// 成功時の処理\nfunction onSuccess() {\n  //resetForm();\n  //loadEvents();\n  alert(\u0027処理が完了しました。\u0027);\n}\n\n// 失敗時の処理\nfunction onFailure(error) {\n  alert(\u0027エラーが発生しました: \u0027 + error.message);\n}\n\n// HTML特殊文字をエスケープ\nfunction escapeHtml(unsafe) {\n  return unsafe\n    .replace(/\u0026/g, \"\u0026amp;\")\n    .replace(/\u003c/g, \"\u0026lt;\")\n    .replace(/\u003e/g, \"\u0026gt;\")\n    .replace(/\"/g, \"\u0026quot;\")\n    .replace(/\u0027/g, \"\u0026#039;\");\n}\n\n// 日時のフォーマット\nfunction formatDateTime(date) {\n  return new Date(date).toLocaleString(\u0027ja-JP\u0027);\n}\n\n// 入力フォーム用に日時をフォーマット\nfunction formatDateTimeForInput(dateStr) {\n  const date \u003d new Date(dateStr);\n  return date.toISOString().slice(0, 16);\n}\n\u003c/script\u003e"},{"id":"6d4ed264-3c9f-47cc-bcb0-558d5e8f9f3c","name":"ProfCode","type":"server_js","source":"// スプレッドシートIDを設定（実際のスプレッドシートIDに置き換えてください）\nconst SPREADSHEET_ID \u003d \u00271ZdFrXAVgpB6WX_8tE0iDdEGRKGC_LIoQCpDwJHV9yj4\u0027; // ここにスプレッドシートIDを入力\nconst USER_SPREADSHEET_ID \u003d \u002715GypRuuX1hg8rbQsgdv4zN4jvKPmm6zl5vU_FQyuiyU\u0027;\n// スプレッドシートの初期化\nfunction initializeSpreadsheet() {\n  const ss \u003d SpreadsheetApp.openById(SPREADSHEET_ID);\n  const sheet \u003d ss.getSheets()[0];\n  \n  // ヘッダーが存在しない場合は追加\n  if (sheet.getLastRow() \u003d\u003d\u003d 0) {\n    sheet.getRange(1, 1, 1, 7).setValues([\n      [\u0027メールアドレス\u0027, \u0027名前\u0027, \u0027自己紹介\u0027,\u0027学科\u0027,\u0027学年\u0027,\u0027通学方法\u0027,\u0027部活動\u0027]\n    ]);\n  }\n  return sheet;\n}\n\n/*function doGet() {\n  return HtmlService.createTemplateFromFile(\u0027Index\u0027)\n    .evaluate()\n    .setTitle(\u0027イベント管理システム\u0027)\n    .addMetaTag(\u0027viewport\u0027, \u0027width\u003ddevice-width, initial-scale\u003d1\u0027);\n}*/\n\nfunction include(filename) {\n  return HtmlService.createHtmlOutputFromFile(filename).getContent();\n}\n\nfunction getuserdata(){\n  const sheet \u003d initializeSpreadsheet();\n  const data \u003d sheet.getDataRange().getValues();\n  email \u003d getCurrentUserEmail();\n  const user \u003d data.find(row \u003d\u003e row[0] \u003d\u003d\u003d email);\n  user.push(data.findIndex(row \u003d\u003e row[0] \u003d\u003d\u003d email));\n  //const emailExists \u003d data.some(row \u003d\u003e row[0] \u003d\u003d\u003d \u0027matsu3141@au.com\u0027)\n  Logger.log(user)\n  return user;\n}\n\n\n\nfunction updateEvent(rowIndex, eventData) {\n  const sheet \u003d initializeSpreadsheet();\n  const range \u003d sheet.getRange(rowIndex + 1, 1, 1, 7);\n  range.setValues([[\n    eventData.email,\n    eventData.username,\n    eventData.description,\n    eventData.dep,\n    eventData.grade,\n    eventData.way,\n    eventData.club\n  ]]);\n  return true;\n}\n\n\n\nfunction getCurrentUserEmail() {\n  return Session.getActiveUser().getEmail();\n}"},{"id":"ffe3fd5e-128f-4b3f-b58f-234641a76003","name":"Regist","type":"html","source":"\u003c!DOCTYPE html\u003e\n\u003chtml\u003e\n\u003chead\u003e\n  \u003cbase target\u003d\"_top\"\u003e\n  \u003clink href\u003d\"https://cdn.jsdelivr.net/npm/bootstrap@5.1.3/dist/css/bootstrap.min.css\" rel\u003d\"stylesheet\"\u003e\n  \u003cscript src\u003d\"https://cdn.jsdelivr.net/npm/bootstrap@5.1.3/dist/js/bootstrap.bundle.min.js\"\u003e\u003c/script\u003e\n  \u003cscript src\u003d\"https://ajax.googleapis.com/ajax/libs/jquery/3.4.0/jquery.min.js\"\u003e\u003c/script\u003e\n  \u003c?!\u003d regist_include(\u0027RegistJavaScript\u0027); ?\u003e\n  \u003cnav class\u003d\"navbar navbar-expand-lg navbar-dark bg-primary\"\u003e\n   \u003cdiv class\u003d\"container-fluid\"\u003e\n     \u003ca class\u003d\"navbar-brand\" href\u003d\"\u003c?\u003d getScriptUrl() ?\u003e?page\u003dform\"\u003eホーム画面\u003c/a\u003e\n     \u003cbutton class\u003d\"navbar-toggler\" type\u003d\"button\" data-bs-toggle\u003d\"collapse\" data-bs-target\u003d\"#navbarNavAltMarkup\"  aria-controls\u003d\"navbarNavAltMarkup\" aria-expanded\u003d\"false\" aria-label\u003d\"Toggle navigation\"\u003e\n       \u003cspan class\u003d\"navbar-toggler-icon\"\u003e\u003c/span\u003e\n     \u003c/button\u003e\n     \u003cdiv class\u003d\"collapse navbar-collapse\" id\u003d\"navbarNavAltMarkup\"\u003e\n       \u003cdiv class\u003d\"navbar-nav\"\u003e\n         \u003ca class\u003d\"nav-link active\" aria-current\u003d\"page\" href\u003d\"\u003c?\u003d getScriptUrl() ?\u003e?page\u003dRegist\"\u003e登録ページ\u003c/a\u003e\n         \u003c!--\u003ca class\u003d\"nav-link\" href\u003d\"\u003c?\u003d getScriptUrl() ?\u003e?page\u003dResevList\"\u003e予約確認\u003c/a\u003e--\u003e\n         \u003ca class\u003d\"nav-link\" href\u003d\"\u003c?\u003d getScriptUrl() ?\u003e?page\u003dProf\"\u003eプロフィール\u003c/a\u003e\n         \n       \u003c/div\u003e\n     \u003c/div\u003e\n   \u003c/div\u003e\n \u003c/nav\u003e\n\u003c/head\u003e\n\u003cbody\u003e\n  \u003cdiv class\u003d\"container mt-4\"\u003e\n    \u003ch1\u003e予約登録ページ\u003c/h1\u003e\n    \n    \u003c!-- イベント登録フォーム --\u003e\n    \u003cdiv class\u003d\"card mb-4\"\u003e\n      \u003cdiv class\u003d\"card-header\"\u003e\n        \u003ch5 class\u003d\"card-title mb-0\"\u003e新規イベント登録\u003c/h5\u003e\n      \u003c/div\u003e\n      \u003cdiv class\u003d\"card-body\"\u003e\n        \u003cform id\u003d\"eventForm\"\u003e\n          \n          \n          \u003cdiv class\u003d\"mb-3\"\u003e\n            \u003clabel for\u003d\"datetime\" class\u003d\"form-label\"\u003e開催日時\u003c/label\u003e\n            \u003cinput type\u003d\"datetime-local\" class\u003d\"form-control\" id\u003d\"datetime\" required\u003e\n          \u003c/div\u003e\n          \u003cdiv class\u003d\"mb-3\"\u003e\n            \u003clabel for\u003d\"location\" class\u003d\"form-label\"\u003e開催場所\u003c/label\u003e\n            \u003cinput type\u003d\"text\" class\u003d\"form-control\" id\u003d\"location\" value\u003d\u0027開催場所\u0027 disabled\u003d\"disabled\" required\u003e\n          \u003c/div\u003e\n          \n          \u003cbr\u003e\n          \u003cinput type\u003d\"hidden\" id\u003d\"rowIndex\"\u003e\n          \u003cbutton type\u003d\"submit\" class\u003d\"btn btn-primary\"\u003e登録\u003c/button\u003e\n          \u003cbutton type\u003d\"button\" class\u003d\"btn btn-secondary\" onclick\u003d\"resetForm()\"\u003eリセット\u003c/button\u003e\n        \u003c/form\u003e\n      \u003c/div\u003e\n    \u003c/div\u003e\n\n    \u003c!-- イベント一覧 --\u003e\n    \u003cdiv class\u003d\"card\"\u003e\n      \u003cdiv class\u003d\"card-header\"\u003e\n        \u003ch5 class\u003d\"card-title mb-0\"\u003eイベント一覧\u003c/h5\u003e\n      \u003c/div\u003e\n      \u003cdiv class\u003d\"card-body\"\u003e\n        \u003cdiv class\u003d\"table-responsive\"\u003e\n          \u003ctable class\u003d\"table\"\u003e\n            \u003cthead\u003e\n              \u003ctr\u003e\n                \n               \n                \u003cth\u003e開催日時\u003c/th\u003e\n                \u003cth\u003e開催場所\u003c/th\u003e\n                \u003cth\u003e予約\u003c/th\u003e\n                \u003cth\u003e操作\u003c/th\u003e\n              \u003c/tr\u003e\n            \u003c/thead\u003e\n            \u003ctbody id\u003d\"eventList\"\u003e\u003c/tbody\u003e\n          \u003c/table\u003e\n        \u003c/div\u003e\n      \u003c/div\u003e\n    \u003c/div\u003e\n  \u003c/div\u003e\n\u003c/body\u003e\n\u003c/html\u003e\n"},{"id":"d1cc1d92-043d-4b33-be6a-4e1ab447158b","name":"RegistJavaScript","type":"html","source":"\u003cscript\u003e\nlet currentUserEmail \u003d \u0027\u0027;\n\n// ページ読み込み時の処理\nwindow.onload \u003d function() {\n  loadEvents();\n  getCurrentUser();\n  \n  // フォームの送信イベントを処理\n  document.getElementById(\u0027eventForm\u0027).addEventListener(\u0027submit\u0027, handleFormSubmit);\n};\n\n// 現在のユーザーのメールアドレスを取得\nfunction getCurrentUser() {\n  google.script.run\n    .withSuccessHandler(function(email) {\n      currentUserEmail \u003d email;\n    })\n    .regist_getCurrentUserEmail();\n}\n\n// イベント一覧を読み込む\nfunction loadEvents() {\n  google.script.run\n    .withSuccessHandler(displayEvents)\n    .regist_getEvents();\n}\n\n// イベント一覧を表示\nfunction displayEvents(events) {\n  console.log(\u0027regist_desplay\u0027)\n  console.log(events)\n    \n    let row \u003d \u0027\u0027\n    events.forEach(function(event){\n      if(currentUserEmail \u003d\u003d\u003d event.email){\n        console.log(event.dep_d \u003d\u003d true);\n        let t\u003dtrue;\n        row +\u003d `\u003ctr\u003e\n        \n        \u003ctd\u003e${formatDateTime(event.datetime)}\u003c/td\u003e\n        \u003ctd\u003e${escapeHtml(event.location)}\u003c/td\u003e\n        \u003ctd\u003e${escapeHtml(event.resev)}\u003c/td\u003e\n        \u003ctd\u003e \n          ${currentUserEmail \u003d\u003d\u003d event.email ? `\n            \u003cbutton class\u003d\"btn btn-sm btn-warning\" onclick\u003d\"editEvent(${event.id})\"\u003e編集\u003c/button\u003e\n            \u003cbutton class\u003d\"btn btn-sm btn-danger\" onclick\u003d\"deleteEvent(${event.id})\"\u003e削除\u003c/button\u003e\n          ` : \u0027\u0027}\n        \u003c/td\u003e\n    \n\n\n        \u003c/tr\u003e\n        `;\n      }else{\n        row +\u003d \u0027\u003ctr\u003e\u003c/tr\u003e\u0027;\n      }\n    })\n              document.getElementById(\u0027eventList\u0027).innerHTML \u003d row;\n              \n}\n\n// フォーム送信処理\nfunction handleFormSubmit(e) {\n  e.preventDefault();\n  //console.log(\u0027aba\u0027);\n  //console.log(document.getElementById(\u0027btn-check-D\u0027).value);\n  const eventData \u003d {\n    email: currentUserEmail,\n    datetime: document.getElementById(\u0027datetime\u0027).value,\n    location: document.getElementById(\u0027location\u0027).value,\n    \n   \n  };\n  \n  const rowIndex \u003d document.getElementById(\u0027rowIndex\u0027).value;\n  console.log(eventData);\n  if (rowIndex) {\n    // 更新\n    google.script.run\n      .withSuccessHandler(onSuccess)\n      .withFailureHandler(onFailure)\n      .regist_updateEvent(parseInt(rowIndex), eventData);\n  } else {\n    // 新規登録\n    google.script.run\n      .withSuccessHandler(onSuccess)\n      .withFailureHandler(onFailure)\n      .regist_addEvent(eventData);\n  }\n}\n\n\n\n// イベント編集\nfunction editEvent(rowIndex) {\n  console.log(\u0027edit\u0027)\n  const row \u003d document.getElementById(\u0027eventList\u0027).children[rowIndex - 1];\n  const cells \u003d row.getElementsByTagName(\u0027td\u0027);\n  //document.getElementById(\u0027btn-check-D\u0027).click();\n  //document.getElementById(\u0027btn-check-S\u0027).click();\n\n\n  console.log(cells[1])\n  document.getElementById(\u0027datetime\u0027).value \u003d formatDateTimeForInput(cells[0].textContent);\n  console.log(\u0027edit\u0027)\n  document.getElementById(\u0027location\u0027).value \u003d cells[1].textContent;\n  document.getElementById(\u0027rowIndex\u0027).value \u003d rowIndex;\n}\n\n// イベント削除\nfunction deleteEvent(rowIndex) {\n  if (confirm(\u0027このイベントを削除してもよろしいですか？\u0027)) {\n    google.script.run\n      .withSuccessHandler(onSuccess)\n      .withFailureHandler(onFailure)\n      .regist_deleteEvent(rowIndex);\n  }\n}\n\n// フォームをリセット\nfunction resetForm() {\n  document.getElementById(\u0027eventForm\u0027).reset();\n  document.getElementById(\u0027rowIndex\u0027).value \u003d \u0027\u0027;\n}\n\n// 成功時の処理\nfunction onSuccess() {\n  resetForm();\n  loadEvents();\n  alert(\u0027処理が完了しました。\u0027);\n}\n\n// 失敗時の処理\nfunction onFailure(error) {\n  alert(\u0027エラーが発生しました: \u0027 + error.message);\n}\n\n// HTML特殊文字をエスケープ\nfunction escapeHtml(unsafe) {\n  return unsafe\n    .replace(/\u0026/g, \"\u0026amp;\")\n    .replace(/\u003c/g, \"\u0026lt;\")\n    .replace(/\u003e/g, \"\u0026gt;\")\n    .replace(/\"/g, \"\u0026quot;\")\n    .replace(/\u0027/g, \"\u0026#039;\");\n}\n\n// 日時のフォーマット\nfunction formatDateTime(date) {\n  return new Date(date).toLocaleString(\u0027ja-JP\u0027);\n}\n\n// 入力フォーム用に日時をフォーマット\nfunction formatDateTimeForInput(dateStr) {\n  //const date \u003d new Date(dateStr);\n  //return date.toISOString().slice(0, 16);   //こいつが悪いこいつのせいで時差ができてる\n  //return \u00271111-11-11T11:11\u0027\n    const date \u003d new Date(dateStr);\n  \n  // 年、月、日、時間、分、秒を取得してゼロ埋めして整形\n  const year \u003d date.getFullYear();\n  const month \u003d String(date.getMonth() + 1).padStart(2, \u00270\u0027); // 月は0始まりなので+1\n  const day \u003d String(date.getDate()).padStart(2, \u00270\u0027);\n  const hours \u003d String(date.getHours()).padStart(2, \u00270\u0027);\n  const minutes \u003d String(date.getMinutes()).padStart(2, \u00270\u0027);\n  const seconds \u003d String(date.getSeconds()).padStart(2, \u00270\u0027);\n\n  // datetime-localに適した形式で返す (秒が不要なら省略可能)\n  return `${year}-${month}-${day}T${hours}:${minutes}`;\n}\n\u003c/script\u003e\n"},{"id":"cd93859a-1e6e-4a08-9e89-7a4598c8f31f","name":"RegistCode","type":"server_js","source":"// スプレッドシートIDを設定（実際のスプレッドシートIDに置き換えてください）\nconst REGIST_SPREADSHEET_ID \u003d \u00271XQZ3DJMHdkSaMI_JQpfmFjq_kx41YE8cUv_a7FVA4pU\u0027; // ここにスプレッドシートIDを入力\n\n// スプレッドシートの初期化\nfunction regist_initializeSpreadsheet() {\n  const ss \u003d SpreadsheetApp.openById(REGIST_SPREADSHEET_ID);\n  const sheet \u003d ss.getSheets()[0];\n  \n  // ヘッダーが存在しない場合は追加\n  if (sheet.getLastRow() \u003d\u003d\u003d 0) {\n    sheet.getRange(1, 1, 1, 4).setValues([\n      [\u0027メールアドレス\u0027,\u0027開催日時\u0027,\u0027開催時間\u0027,\u0027予約\u0027]\n    ]);\n  }\n  return sheet;\n}\n\n/*function doGet() {\n  return HtmlService.createTemplateFromFile(\u0027Index\u0027)\n    .evaluate()\n    .setTitle(\u0027イベント管理システム\u0027)\n    .addMetaTag(\u0027viewport\u0027, \u0027width\u003ddevice-width, initial-scale\u003d1\u0027);\n}*/\n\nfunction regist_include(filename) {\n  return HtmlService.createHtmlOutputFromFile(filename).getContent();\n}\n\nfunction regist_getEvents() {\n  const sheet \u003d regist_initializeSpreadsheet();\n  const data \u003d sheet.getDataRange().getValues();\n  const events \u003d [];\n  \n  // ヘッダー行をスキップ\n  for (let i \u003d 1; i \u003c data.length; i++) {\n    events.push({\n      id: i,\n      email: data[i][0],\n      datetime: data[i][1].toString(),\n      location: data[i][2],\n      resev: data[i][3]\n      \n    });\n  }\n  Logger.log(events)\n  return events;\n}\n\nfunction regist_addEvent(eventData) {\n  const sheet \u003d regist_initializeSpreadsheet();\n  sheet.appendRow([\n    eventData.email,\n    eventData.datetime,\n    eventData.location,\n    \u0027空\u0027\n  ]);\n  return true;\n}\n\nfunction regist_updateEvent(rowIndex, eventData) {\n  const sheet \u003d regist_initializeSpreadsheet();\n  const range \u003d sheet.getRange(rowIndex + 1, 1, 1, 3);\n  range.setValues([[\n    eventData.email,\n    eventData.datetime,\n    eventData.location\n  ]]);\n  return true;\n}\n\nfunction regist_deleteEvent(rowIndex) {\n  const sheet \u003d regist_initializeSpreadsheet();\n  sheet.deleteRow(rowIndex + 1);\n  return true;\n}\n\nfunction regist_getCurrentUserEmail() {\n  return Session.getActiveUser().getEmail();\n}"}]}