{"files":[{"id":"329fb211-d3b8-47cc-82c9-dd61af397115","name":"appsscript","type":"json","source":"{\n  \"timeZone\": \"Asia/Tokyo\",\n  \"dependencies\": {},\n  \"webapp\": {\n    \"executeAs\": \"USER_DEPLOYING\",\n    \"access\": \"MYSELF\"\n  },\n  \"exceptionLogging\": \"STACKDRIVER\",\n  \"runtimeVersion\": \"V8\"\n}"},{"id":"7cb74e76-5ba6-4e5d-84de-0285051d9c69","name":"Code","type":"server_js","source":"// スプレッドシートIDを設定（実際のスプレッドシートIDに置き換えてください）\nconst SPREADSHEET_ID \u003d \u00271XQZ3DJMHdkSaMI_JQpfmFjq_kx41YE8cUv_a7FVA4pU\u0027; // ここにスプレッドシートIDを入力\n\n// スプレッドシートの初期化\nfunction initializeSpreadsheet() {\n  const ss \u003d SpreadsheetApp.openById(SPREADSHEET_ID);\n  const sheet \u003d ss.getSheets()[0];\n  \n  // ヘッダーが存在しない場合は追加\n  if (sheet.getLastRow() \u003d\u003d\u003d 0) {\n    sheet.getRange(1, 1, 1, 4).setValues([\n      [\u0027メールアドレス\u0027,\u0027開催日時\u0027,\u0027開催時間\u0027,\u0027予約\u0027]\n    ]);\n  }\n  return sheet;\n}\n\nfunction doGet() {\n  return HtmlService.createTemplateFromFile(\u0027Index\u0027)\n    .evaluate()\n    .setTitle(\u0027イベント管理システム\u0027)\n    .addMetaTag(\u0027viewport\u0027, \u0027width\u003ddevice-width, initial-scale\u003d1\u0027);\n}\n\nfunction include(filename) {\n  return HtmlService.createHtmlOutputFromFile(filename).getContent();\n}\n\nfunction getEvents() {\n  const sheet \u003d initializeSpreadsheet();\n  const data \u003d sheet.getDataRange().getValues();\n  const events \u003d [];\n  \n  // ヘッダー行をスキップ\n  for (let i \u003d 1; i \u003c data.length; i++) {\n    events.push({\n      id: i,\n      email: data[i][0],\n      datetime: data[i][1].toString(),\n      location: data[i][2],\n      resev: data[i][3],\n      \n    });\n  }\n  Logger.log(events)\n  return events;\n}\n\nfunction addEvent(eventData) {\n  const sheet \u003d initializeSpreadsheet();\n  sheet.appendRow([\n    eventData.email,\n    eventData.datetime,\n    eventData.location\n  ]);\n  return true;\n}\n\nfunction updateEvent(rowIndex, eventData) {\n  const sheet \u003d initializeSpreadsheet();\n  const range \u003d sheet.getRange(rowIndex + 1, 1, 1, 3);\n  range.setValues([[\n    eventData.email,\n    eventData.datetime,\n    eventData.location\n  ]]);\n  return true;\n}\n\nfunction deleteEvent(rowIndex) {\n  const sheet \u003d initializeSpreadsheet();\n  sheet.deleteRow(rowIndex + 1);\n  return true;\n}\n\nfunction getCurrentUserEmail() {\n  return Session.getActiveUser().getEmail();\n}"},{"id":"9e0dd219-3a46-4dd7-ad74-e21c8efe4375","name":"Index","type":"html","source":"\u003c!DOCTYPE html\u003e\n\u003chtml\u003e\n\u003chead\u003e\n  \u003cbase target\u003d\"_top\"\u003e\n  \u003clink href\u003d\"https://cdn.jsdelivr.net/npm/bootstrap@5.1.3/dist/css/bootstrap.min.css\" rel\u003d\"stylesheet\"\u003e\n  \u003cscript src\u003d\"https://cdn.jsdelivr.net/npm/bootstrap@5.1.3/dist/js/bootstrap.bundle.min.js\"\u003e\u003c/script\u003e\n  \u003cscript src\u003d\"https://ajax.googleapis.com/ajax/libs/jquery/3.4.0/jquery.min.js\"\u003e\u003c/script\u003e\n  \u003c?!\u003d include(\u0027JavaScript\u0027); ?\u003e\n\u003c/head\u003e\n\u003cbody\u003e\n  \u003cdiv class\u003d\"container mt-4\"\u003e\n    \u003ch1\u003eイベント管理ページ\u003c/h1\u003e\n    \n    \u003c!-- イベント登録フォーム --\u003e\n    \u003cdiv class\u003d\"card mb-4\"\u003e\n      \u003cdiv class\u003d\"card-header\"\u003e\n        \u003ch5 class\u003d\"card-title mb-0\"\u003e新規イベント登録\u003c/h5\u003e\n      \u003c/div\u003e\n      \u003cdiv class\u003d\"card-body\"\u003e\n        \u003cform id\u003d\"eventForm\"\u003e\n          \n          \n          \u003cdiv class\u003d\"mb-3\"\u003e\n            \u003clabel for\u003d\"datetime\" class\u003d\"form-label\"\u003e開催日時\u003c/label\u003e\n            \u003cinput type\u003d\"datetime-local\" class\u003d\"form-control\" id\u003d\"datetime\" required\u003e\n          \u003c/div\u003e\n          \u003cdiv class\u003d\"mb-3\"\u003e\n            \u003clabel for\u003d\"location\" class\u003d\"form-label\"\u003e開催場所\u003c/label\u003e\n            \u003cinput type\u003d\"text\" class\u003d\"form-control\" id\u003d\"location\" value\u003d\u0027開催場所\u0027 disabled\u003d\"disabled\" required\u003e\n          \u003c/div\u003e\n          \n          \u003cbr\u003e\n          \u003cinput type\u003d\"hidden\" id\u003d\"rowIndex\"\u003e\n          \u003cbutton type\u003d\"submit\" class\u003d\"btn btn-primary\"\u003e登録\u003c/button\u003e\n          \u003cbutton type\u003d\"button\" class\u003d\"btn btn-secondary\" onclick\u003d\"resetForm()\"\u003eリセット\u003c/button\u003e\n        \u003c/form\u003e\n      \u003c/div\u003e\n    \u003c/div\u003e\n\n    \u003c!-- イベント一覧 --\u003e\n    \u003cdiv class\u003d\"card\"\u003e\n      \u003cdiv class\u003d\"card-header\"\u003e\n        \u003ch5 class\u003d\"card-title mb-0\"\u003eイベント一覧\u003c/h5\u003e\n      \u003c/div\u003e\n      \u003cdiv class\u003d\"card-body\"\u003e\n        \u003cdiv class\u003d\"table-responsive\"\u003e\n          \u003ctable class\u003d\"table\"\u003e\n            \u003cthead\u003e\n              \u003ctr\u003e\n                \n               \n                \u003cth\u003e開催日時\u003c/th\u003e\n                \u003cth\u003e開催場所\u003c/th\u003e\n                \u003cth\u003e予約\u003c/th\u003e\n                \u003cth\u003e操作\u003c/th\u003e\n              \u003c/tr\u003e\n            \u003c/thead\u003e\n            \u003ctbody id\u003d\"eventList\"\u003e\u003c/tbody\u003e\n          \u003c/table\u003e\n        \u003c/div\u003e\n      \u003c/div\u003e\n    \u003c/div\u003e\n  \u003c/div\u003e\n\u003c/body\u003e\n\u003c/html\u003e\n"},{"id":"580fe120-61f7-42df-8c65-000b9999dd1e","name":"JavaScript","type":"html","source":"\u003cscript\u003e\nlet currentUserEmail \u003d \u0027\u0027;\n\n// ページ読み込み時の処理\nwindow.onload \u003d function() {\n  loadEvents();\n  getCurrentUser();\n  \n  // フォームの送信イベントを処理\n  document.getElementById(\u0027eventForm\u0027).addEventListener(\u0027submit\u0027, handleFormSubmit);\n};\n\n// 現在のユーザーのメールアドレスを取得\nfunction getCurrentUser() {\n  google.script.run\n    .withSuccessHandler(function(email) {\n      currentUserEmail \u003d email;\n    })\n    .getCurrentUserEmail();\n}\n\n// イベント一覧を読み込む\nfunction loadEvents() {\n  google.script.run\n    .withSuccessHandler(displayEvents)\n    .getEvents();\n}\n\n// イベント一覧を表示\nfunction displayEvents(events) {\n  console.log(\u0027iventsyou\u0027)\n\n    \n    let row \u003d \u0027\u0027\n    events.forEach(function(event){\n      if(currentUserEmail \u003d\u003d\u003d event.email){\n        console.log(event.dep_d \u003d\u003d true);\n        let t\u003dtrue;\n        row +\u003d `\u003ctr\u003e\n        \n        \u003ctd\u003e${formatDateTime(event.datetime)}\u003c/td\u003e\n        \u003ctd\u003e${escapeHtml(event.location)}\u003c/td\u003e\n        \u003ctd\u003e${escapeHtml(event.resev)}\u003c/td\u003e\n        \u003ctd\u003e \n          ${currentUserEmail \u003d\u003d\u003d event.email ? `\n            \u003cbutton class\u003d\"btn btn-sm btn-warning\" onclick\u003d\"editEvent(${event.id})\"\u003e編集\u003c/button\u003e\n            \u003cbutton class\u003d\"btn btn-sm btn-danger\" onclick\u003d\"deleteEvent(${event.id})\"\u003e削除\u003c/button\u003e\n          ` : \u0027\u0027}\n        \u003c/td\u003e\n        \u003c/tr\u003e\n        `;\n      }else{\n        row +\u003d \u0027\u003ctr\u003e\u003c/tr\u003e\u0027;\n      }\n    })\n              document.getElementById(\u0027eventList\u0027).innerHTML \u003d row;\n              \n}\n\n// フォーム送信処理\nfunction handleFormSubmit(e) {\n  e.preventDefault();\n  //console.log(\u0027aba\u0027);\n  //console.log(document.getElementById(\u0027btn-check-D\u0027).value);\n  const eventData \u003d {\n    email: currentUserEmail,\n    datetime: document.getElementById(\u0027datetime\u0027).value,\n    location: document.getElementById(\u0027location\u0027).value,\n    \n   \n  };\n  \n  const rowIndex \u003d document.getElementById(\u0027rowIndex\u0027).value;\n  console.log(eventData);\n  if (rowIndex) {\n    // 更新\n    google.script.run\n      .withSuccessHandler(onSuccess)\n      .withFailureHandler(onFailure)\n      .updateEvent(parseInt(rowIndex), eventData);\n  } else {\n    // 新規登録\n    google.script.run\n      .withSuccessHandler(onSuccess)\n      .withFailureHandler(onFailure)\n      .addEvent(eventData);\n  }\n}\n\n\n\n// イベント編集\nfunction editEvent(rowIndex) {\n  console.log(\u0027edit\u0027)\n  loadEvents()\n  console.log(\u0027load\u0027)\n  console.log(rowIndex)\n  const row \u003d document.getElementById(\u0027eventList\u0027).children[rowIndex - 1];\n  const cells \u003d row.getElementsByTagName(\u0027td\u0027);\n  //document.getElementById(\u0027btn-check-D\u0027).click();\n  //document.getElementById(\u0027btn-check-S\u0027).click();\n\n\n  console.log(cells[1])\n  document.getElementById(\u0027datetime\u0027).value \u003d formatDateTimeForInput(cells[0].textContent);\n  console.log(\u0027edit\u0027)\n  document.getElementById(\u0027location\u0027).value \u003d cells[1].textContent;\n  document.getElementById(\u0027rowIndex\u0027).value \u003d rowIndex;\n}\n\n// イベント削除\nfunction deleteEvent(rowIndex) {\n  if (confirm(\u0027このイベントを削除してもよろしいですか？\u0027)) {\n    google.script.run\n      .withSuccessHandler(onSuccess)\n      .withFailureHandler(onFailure)\n      .deleteEvent(rowIndex);\n  }\n}\n\n// フォームをリセット\nfunction resetForm() {\n  document.getElementById(\u0027eventForm\u0027).reset();\n  document.getElementById(\u0027rowIndex\u0027).value \u003d \u0027\u0027;\n}\n\n// 成功時の処理\nfunction onSuccess() {\n  resetForm();\n  loadEvents();\n  alert(\u0027処理が完了しました。\u0027);\n}\n\n// 失敗時の処理\nfunction onFailure(error) {\n  alert(\u0027エラーが発生しました: \u0027 + error.message);\n}\n\n// HTML特殊文字をエスケープ\nfunction escapeHtml(unsafe) {\n  return unsafe\n    .replace(/\u0026/g, \"\u0026amp;\")\n    .replace(/\u003c/g, \"\u0026lt;\")\n    .replace(/\u003e/g, \"\u0026gt;\")\n    .replace(/\"/g, \"\u0026quot;\")\n    .replace(/\u0027/g, \"\u0026#039;\");\n}\n\n// 日時のフォーマット\nfunction formatDateTime(date) {\n  return new Date(date).toLocaleString(\u0027ja-JP\u0027);\n}\n\n// 入力フォーム用に日時をフォーマット\nfunction formatDateTimeForInput(dateStr) {\n  //const date \u003d new Date(dateStr);\n  //return date.toISOString().slice(0, 16);   //こいつが悪いこいつのせいで時差ができてる\n  //return \u00271111-11-11T11:11\u0027\n    const date \u003d new Date(dateStr);\n  \n  // 年、月、日、時間、分、秒を取得してゼロ埋めして整形\n  const year \u003d date.getFullYear();\n  const month \u003d String(date.getMonth() + 1).padStart(2, \u00270\u0027); // 月は0始まりなので+1\n  const day \u003d String(date.getDate()).padStart(2, \u00270\u0027);\n  const hours \u003d String(date.getHours()).padStart(2, \u00270\u0027);\n  const minutes \u003d String(date.getMinutes()).padStart(2, \u00270\u0027);\n  const seconds \u003d String(date.getSeconds()).padStart(2, \u00270\u0027);\n\n  // datetime-localに適した形式で返す (秒が不要なら省略可能)\n  return `${year}-${month}-${day}T${hours}:${minutes}`;\n}\n\u003c/script\u003e"}]}