{"files":[{"id":"374113af-d081-4123-9166-206a728da25f","name":"appsscript","type":"json","source":"{\n  \"timeZone\": \"Asia/Tokyo\",\n  \"dependencies\": {},\n  \"exceptionLogging\": \"STACKDRIVER\",\n  \"runtimeVersion\": \"V8\",\n  \"webapp\": {\n    \"executeAs\": \"USER_DEPLOYING\",\n    \"access\": \"ANYONE_ANONYMOUS\"\n  }\n}"},{"id":"4e70a73b-b2c2-4c81-8756-0d25323b1ea7","name":"コード","type":"server_js","source":"function doGet(e) {\n  const location_ss \u003d SpreadsheetApp.openById(\u00271ra8NMMnjLY3N5kF12VfAQQhBEiuEHUy9siLF6DNnK-s\u0027);\n  const location_sheet \u003d location_ss.getSheets()[0];\n  const location_data \u003d location_sheet.getDataRange().getValues();\n  Logger.log(location_data);\n\n  const location \u003d [];\n\n  var date \u003d changedateonly(new Date());\n//date \u003d \"2025/01/11 0:00:00\";//テストデータに固定\n  userdata \u003d checkresevdate(date)[1];\nconsole.log(\"aaaaaaa\");\nconsole.log(userdata);\n  var pin \u003d checkresevpin(date);\n\n  Logger.log(date);\n  Logger.log(changedateonly(\"2024-12-18 0:00\"));\n  \n  resev \u003d resevList_getresev(date);\n  Logger.log(\"resevdata\");\n  Logger.log(resev);\n\n  for (let row \u003d 0; row \u003c resev.length; row++) {\n    Logger.log(resev[row].location);\n  }\n\n  for (let i \u003d 1; i \u003c location_data.length; i++) {\n    location.push({\n      location: location_data[i][0],\n      x: location_data[i][1],\n      y: location_data[i][2],\n      z: location_data[i][3],\n      w: location_data[i][4],\n    });\n  }\n  Logger.log(location);\n\n  resev.forEach(item \u003d\u003e {\n  // `extraData` 配列の中から一致する `id` を持つオブジェクトを探す\n  let match \u003d location.find(extra \u003d\u003e extra.location \u003d\u003d\u003d item.location);\n  if (match) {\n    // 一致した場合、対応するプロパティを追加\n    item.x \u003d match.x;\n    item.y \u003d match.y;\n    item.z \u003d match.z;\n    item.w \u003d match.w;\n  }\n});\nLogger.log(resev);\n\nresev.sort((a, b) \u003d\u003e new Date(a.datetime) - new Date(b.datetime));\n\nresev.unshift({ location: \"待機場所\", x: location_data[1][1],y: location_data[1][2],z: location_data[1][3],w: location_data[1][4]});//最前に追加\nresev.push({ location: \"待機場所\", x: location_data[1][1],y: location_data[1][2],z: location_data[1][3],w: location_data[1][4]});//最後尾に追加\n//下デモ用\n//resev.unshift({ location: \"待機場所\", x: location_data[6][1],y: location_data[6][2],z: location_data[6][3],w: location_data[6][4]});//最前に追加\n//resev.push({ location: \"待機場所\", x: location_data[6][1],y: location_data[6][2],z: location_data[6][3],w: location_data[6][4]});//最後尾に追加\n\nLogger.log(resev);\nLogger.log(pin);\n\n  return ContentService.createTextOutput(JSON.stringify({\n    message: \"Hello, world!\",\n    resev: resev,\n    locat: 1,\n    pin: pin,\n    data: userdata,\n    //query: e.parameter\n  })).setMimeType(ContentService.MimeType.JSON);\n\n}\n\nconst RESEV_RESIST \u003d \u00271XQZ3DJMHdkSaMI_JQpfmFjq_kx41YE8cUv_a7FVA4pU\u0027; // 会話予約\nconst RESEV_USER_PROF_ID \u003d \u00271ZdFrXAVgpB6WX_8tE0iDdEGRKGC_LIoQCpDwJHV9yj4\u0027;//在校生プロフィール\nconst RESEV_INV_USER_PROF \u003d \u00271ht-vWn1KE-JN4jRIwV7sXGe2IMAb-MhQ82zAoCZbYso\u0027//見学者プロフィール\nconst RESEV_EVENT_RESIST \u003d \u00271hQSKJWjWhAjO2wWzezcQ99UVpARkc3AirTDoBptBL34\u0027;//イベントデータ\n// スプレッドシートの初期化\nfunction resevList_initializeResistSpreadsheet() {\n  const resist_ss \u003d SpreadsheetApp.openById(RESEV_RESIST);\n  const resist_sheet \u003d resist_ss.getSheets()[0];\n  \n  // ヘッダーが存在しない場合は追加\n  if (resist_sheet.getLastRow() \u003d\u003d\u003d 0) {\n    resist_sheet.getRange(1, 1, 1, 4).setValues([\n      [\u0027メールアドレス\u0027,\t\u0027時間\u0027,\t\u0027場所\u0027,\t\u0027予約\u0027]\n    ]);\n  }\n  return resist_sheet;\n}\n\nfunction resevList_initializeEventSpreadsheet() {\n  const ss \u003d SpreadsheetApp.openById(RESEV_EVENT_RESIST);\n  const sheet \u003d ss.getSheets()[0];\n  \n  // ヘッダーが存在しない場合は追加\n  if (sheet.getLastRow() \u003d\u003d\u003d 0) {\n    sheet.getRange(1, 1, 1, 19).setValues([\n      [\u0027イベント名\u0027, \u0027内容説明\u0027, \u0027開催日時\u0027, \u0027開催場所\u0027, \u0027メールアドレス\u0027,\u0027D\u0027,\u0027S\u0027,\u0027E\u0027,\u0027M\u0027,\u0027C\u0027,\u0027grade_1\u0027,\u0027grade_2\u0027,\u0027grade_3\u0027,\u0027grade_4\u0027,\u0027grade_5\u0027,\u0027school\u0027,\u0027dorm\u0027,\u0027other\u0027,\u0027予約\u0027]\n    ]);\n  }\n  return sheet;\n}\n\nfunction resevList_initializeProfSpreadsheet() {\n  const prof_ss \u003d SpreadsheetApp.openById(RESEV_USER_PROF_ID);\n  const prof_sheet \u003d prof_ss.getSheets()[0];\n  \n  // ヘッダーが存在しない場合は追加\n  if (prof_sheet.getLastRow() \u003d\u003d\u003d 0) {\n    prof_sheet.getRange(1, 1, 1, 7).setValues([\n      [\u0027メールアドレス\u0027,\t\u0027名前\u0027\t,\u0027紹介\u0027\t,\u0027学科\u0027\t,\u0027学年\u0027,\t\u0027通学\u0027\t,\u0027部活\u0027]\n    ]);\n  }\n  return prof_sheet;\n}\n\n\nfunction changedateonly(datetime){\n  const cellDate \u003d new Date(datetime);\n  cellDate.setHours(cellDate.getHours() );\n  cellDate.setHours(0, 0, 0, 0);\n  return cellDate.getTime();\n}\n\nfunction checkresevdate(date){\n // const date \u003d \"2024/01/11 0:00:00\";//テストデータに固定\n  //const email \u003d \"3m1a4t1s5u@gmail.com\";\n  const ss \u003d SpreadsheetApp.openById(\u002715GypRuuX1hg8rbQsgdv4zN4jvKPmm6zl5vU_FQyuiyU\u0027);\n  const sheet \u003d ss.getSheets()[0];\n  const data \u003d sheet.getDataRange().getValues();\n\n  for (let row \u003d 0; row \u003c data.length; row++) {\n    Logger.log(data[row][4]);\n    //Logger.log(data[row][0]);\n    if (changedateonly(data[row][4]) \u003d\u003d changedateonly(date)) {\n       Logger.log(\"pin+data\");\n       Logger.log(data[row]);      \n       return data[row]; \n    }\n  }\n  return false;\n}\n\nfunction checkresevpin(date){\n  //const date \u003d \"2024/01/11 0:00:00\";//テストデータに固定\n  //const email \u003d \"3m1a4t1s5u@gmail.com\";\n  const ss \u003d SpreadsheetApp.openById(\u002715GypRuuX1hg8rbQsgdv4zN4jvKPmm6zl5vU_FQyuiyU\u0027);\n  const sheet \u003d ss.getSheets()[0];\n  const data \u003d sheet.getDataRange().getValues();\n\n  for (let row \u003d 0; row \u003c data.length; row++) {\n    Logger.log(data[row][4]);\n    //Logger.log(data[row][0]);\n    if (changedateonly(data[row][4]) \u003d\u003d changedateonly(date)) {\n       Logger.log(\"pin\");\n       Logger.log(data[row][6]);      \n       return data[row][6]; \n    }\n  }\n  return false;\n}\n\nfunction resevList_getresev(date){\n matchdata \u003d resevList_getmatching();\n eventdata \u003d resevList_getEvents();\n email \u003d checkresevdate(date)[0]; //今日の予約のメールに\n \n Logger.log(email);\n Logger.log(\u0027データたち\u0027);\n Logger.log(matchdata);\n Logger.log(eventdata);\n /*matchdata.forEach(function(match,i){\n const foundmatch  \u003d match.finder(row \u003d\u003e row.includes(\u0027m\u0027));\n Logger.log(foundmatch);\n })*/\n const foundmatch  \u003d matchdata.filter(row \u003d\u003e row.resev\u003d\u003demail);\n const foundevent  \u003d eventdata.filter(row \u003d\u003e row.resev\u003d\u003demail);\n Logger.log(foundmatch);\n Logger.log(foundevent);\n const resevdata \u003d [];\n foundmatch.forEach(function(resev,i){\n resevdata.push(resev);\n })\n foundevent.forEach(function(resev,i){\n resevdata.push(resev);\n })\n Logger.log(resevdata);\n return resevdata;\n  }\n\n  function resevList_getmatching(){\n  resevdata \u003d resevList_initializeResistSpreadsheet().getDataRange().getValues();\n  profdata \u003d resevList_initializeProfSpreadsheet().getDataRange().getValues();\n  Logger.log(resevdata);\n  Logger.log(profdata);\n  resevdata.forEach(function(resev,i){\n   Logger.log(resev[0]);\n   const found  \u003d profdata.find(row \u003d\u003e row.includes(resev[0]));\n   if(found!\u003dundefined){\n     Logger.log(found\u003d\u003dundefined);\n     found.forEach(function(data){\n       resev.push(data);\n       })\n   }\n  })\n  const matchingdata \u003d [];\n  for (let i \u003d 1; i \u003c resevdata.length; i++) {\n  matchingdata.push({\n  id: i,\n  name: resevdata[i][5],\n  description: resevdata[i][6],\n  datetime: resevdata[i][1].toString(),\n  location: resevdata[i][2],\n  email: resevdata[i][0],\n  grade: resevdata[i][8],\n  dep : resevdata[i][7],\n  club: resevdata[i][10],\n  way: resevdata[i][9],\n  resev: resevdata[i][3],\n  recom: \u0027recom\u0027,\n  type: \u0027match\u0027\n  })\n  }\n   Logger.log(resevdata);\n   Logger.log(matchingdata);\n   return matchingdata;\n}\n\nfunction resevList_getEvents() {\n  const sheet \u003d resevList_initializeEventSpreadsheet();\n  const data \u003d sheet.getDataRange().getValues();\n  const events \u003d [];\n  \n  // ヘッダー行をスキップ\n  for (let i \u003d 1; i \u003c data.length; i++) {\n    events.push({\n      id: i,\n      name: data[i][0],\n      description: data[i][1],\n      datetime: data[i][2].toString(),\n      location: data[i][3],\n      email: data[i][4],\n      dep_d: data[i][5],\n      dep_s: data[i][6],\n      dep_e: data[i][7],\n      dep_m: data[i][8],\n      dep_c: data[i][9],\n      grade_1: data[i][10],\n      grade_2: data[i][11],\n      grade_3: data[i][12],\n      grade_4: data[i][13],\n      grade_5: data[i][14],\n      school: data[i][15],\n      dorm: data[i][16],\n      other: data[i][17],\n      resev: data[i][18],\n      type:\u0027event\u0027\n    });\n  }\n\n \n  //待機場所、終了場所の追加\n  Logger.log(events)\n  return events;\n}"}]}