{"files":[{"id":"8cc44e70-c996-4ff2-851c-cbc5d009db83","name":"appsscript","type":"json","source":"{\n  \"timeZone\": \"Asia/Tokyo\",\n  \"dependencies\": {},\n  \"exceptionLogging\": \"STACKDRIVER\",\n  \"runtimeVersion\": \"V8\",\n  \"webapp\": {\n    \"executeAs\": \"USER_DEPLOYING\",\n    \"access\": \"MYSELF\"\n  }\n}"},{"id":"7d5098d6-aa04-499a-95cb-1977611a6e01","name":"コード","type":"server_js","source":"function doGet() {\n  return HtmlService.createHtmlOutputFromFile(\u0027index\u0027);\n}\n\n"},{"id":"2cf75100-adae-4e7a-bdf6-b2540627c1ed","name":"index","type":"html","source":"\u003c!DOCTYPE html\u003e\n\u003chtml\u003e\n  \u003chead\u003e\n    \u003ctitle\u003eGoogle Drive 画像表示\u003c/title\u003e\n  \u003c/head\u003e\n  \u003cbody\u003e\n    \u003ch1\u003eGoogle Drive 画像を表示\u003c/h1\u003e\n    \n    \u003c!-- ここで Google Drive の画像を表示 --\u003e\n\n    \u003cimg src\u003d\"https://lh3.google.com/u/0/d/1FJbYCuJuBQ8vaS9sNgkW6CxymtMOjRQp\" alt\u003d\"画像\"\u003e\n  \u003c/body\u003e\n\u003c/html\u003e\n\n"}]}