{"files":[{"id":"3c4d8f13-ace4-4dea-b5a0-647fa60f7610","name":"appsscript","type":"json","source":"{\n  \"timeZone\": \"Asia/Tokyo\",\n  \"dependencies\": {},\n  \"exceptionLogging\": \"STACKDRIVER\",\n  \"runtimeVersion\": \"V8\",\n  \"webapp\": {\n    \"executeAs\": \"USER_DEPLOYING\",\n    \"access\": \"MYSELF\"\n  }\n}"},{"id":"bcadd48e-00db-4d32-8797-d6f1c323182f","name":"コード","type":"server_js","source":"function doGet() {\n  return HtmlService.createTemplateFromFile(\"index\").evaluate()\n    .setXFrameOptionsMode(HtmlService.XFrameOptionsMode.ALLOWALL); // オプション: iframe許可\n}\n"},{"id":"1ea90898-71f8-4b75-9378-2ceaa9cdb909","name":"index","type":"html","source":"\u003c!DOCTYPE html\u003e\n\u003chtml lang\u003d\"en\"\u003e\n\u003chead\u003e\n  \u003cmeta charset\u003d\"UTF-8\"\u003e\n  \u003cmeta name\u003d\"viewport\" content\u003d\"width\u003ddevice-width, initial-scale\u003d1.0\"\u003e\n  \u003ctitle\u003eBootstrap Accordion\u003c/title\u003e\n  \u003c!-- Bootstrap CSS --\u003e\n  \u003clink href\u003d\"https://cdn.jsdelivr.net/npm/bootstrap@5.3.0-alpha3/dist/css/bootstrap.min.css\" rel\u003d\"stylesheet\"\u003e\n\u003c/head\u003e\n\u003cbody\u003e\n  \n  \u003cdiv class\u003d\"container mt-5\"\u003e\n    \u003cdiv class\u003d\"accordion\" id\u003d\"accordionPanelsStayOpenExample\"\u003e\n      \u003cdiv class\u003d\"accordion-item\"\u003e\n        \u003ch2 class\u003d\"accordion-header\" id\u003d\"panelsStayOpen-headingOne\"\u003e\n          \u003cbutton class\u003d\"accordion-button\" type\u003d\"button\" data-bs-toggle\u003d\"collapse\" data-bs-target\u003d\"#panelsStayOpen-collapseOne\" aria-expanded\u003d\"true\" aria-controls\u003d\"panelsStayOpen-collapseOne\"\u003e\n            はじめに\n          \u003c/button\u003e\n        \u003c/h2\u003e\n        \u003cdiv id\u003d\"panelsStayOpen-collapseOne\" class\u003d\"accordion-collapse collapse show\" aria-labelledby\u003d\"panelsStayOpen-headingOne\"\u003e\n          \u003cdiv class\u003d\"accordion-body\"\u003e\n            はじめにメニューからプロフィールの設定を行ってください。\n            \u003cbr\u003e\n            \u003cbr\u003e\n            \u003cimg src\u003d\"https://lh3.google.com/u/0/d/1FJbYCuJuBQ8vaS9sNgkW6CxymtMOjRQp\" alt\u003d\"画像\"\u003e\n            \u003cbr\u003e\n            \u003cbr\u003e\n            設定をすることで、興味のありそうな見学内容や対話相手を優先的に表示します。\n            \u003cbr\u003e\n            また、プロフィールに表示される4桁の番号は見学当日の本人確認に使うので確認をしてください。\n            \u003cbr\u003e\n            \u003cbr\u003e\n            \u003cimg src\u003d\"https://lh3.google.com/u/0/d/1DTi8JVRGC1tdYVevry_ea3L0LlwqSHTY\" alt\u003d\"画像\"\u003e\n            \u003cbr\u003e\n            \u003cbr\u003e\n    \n          \u003c/div\u003e\n        \u003c/div\u003e\n      \u003c/div\u003e\n      \u003cdiv class\u003d\"accordion-item\"\u003e\n        \u003ch2 class\u003d\"accordion-header\" id\u003d\"panelsStayOpen-headingTwo\"\u003e\n          \u003cbutton class\u003d\"accordion-button collapsed\" type\u003d\"button\" data-bs-toggle\u003d\"collapse\" data-bs-target\u003d\"#panelsStayOpen-collapseTwo\" aria-expanded\u003d\"false\" aria-controls\u003d\"panelsStayOpen-collapseTwo\"\u003e\n            イベント、対話の予約\n            \n          \u003c/button\u003e\n        \u003c/h2\u003e\n        \u003cdiv id\u003d\"panelsStayOpen-collapseTwo\" class\u003d\"accordion-collapse collapse\" aria-labelledby\u003d\"panelsStayOpen-headingTwo\"\u003e\n          \u003cdiv class\u003d\"accordion-body\"\u003e\n            イベント予約、対話予約のページに移動すると、予約可能なイベントの一覧が表示されます。\n            \u003cbr\u003e\n            一番左のボタンから各イベント、在校生の詳細を確認することができます。\n            \u003cbr\u003e\n            また、予約のボタンから予約を行うことができます。\n            \u003cbr\u003e\n            \u003cbr\u003e\n            \u003cimg src\u003d\"https://lh3.google.com/u/0/d/16iHuhVmR6bcAOsKR7Kb_gLxE2NbucWCf\" alt\u003d\"画像\"\u003e\n            \u003cbr\u003e\n            \u003cbr\u003e\n            メニューの下部の検索ボタンから条件の絞り込みができます。\n            \u003cbr\u003e\n            \u003cbr\u003e\n            \u003cimg src\u003d\"https://lh3.google.com/u/0/d/15CYxqihxCHpYFBJcOChEcFRdAwop9f8p\" alt\u003d\"画像\"\u003e\n            \u003cbr\u003e\n            \u003cbr\u003e\n            探したい条件を入力し、検索ボタンを押すことで条件に合ったものが優先的に表示されるようになります。\n            \u003cbr\u003e\n            \u003cbr\u003e\n            \u003cimg src\u003d\"https://lh3.google.com/u/0/d/1k4x7ldHkLN2S9JCcbqD33Ki26JBgLOWr\" alt\u003d\"画像\"\u003e\n            \u003cbr\u003e\n            \u003cbr\u003e\n          \u003c/div\u003e\n        \u003c/div\u003e\n      \u003c/div\u003e\n      \u003cdiv class\u003d\"accordion-item\"\u003e\n        \u003ch2 class\u003d\"accordion-header\" id\u003d\"panelsStayOpen-headingThree\"\u003e\n          \u003cbutton class\u003d\"accordion-button collapsed\" type\u003d\"button\" data-bs-toggle\u003d\"collapse\" data-bs-target\u003d\"#panelsStayOpen-collapseThree\" aria-expanded\u003d\"false\" aria-controls\u003d\"panelsStayOpen-collapseThree\"\u003e\n            予約の確認と削除\n          \u003c/button\u003e\n        \u003c/h2\u003e\n        \u003cdiv id\u003d\"panelsStayOpen-collapseThree\" class\u003d\"accordion-collapse collapse\" aria-labelledby\u003d\"panelsStayOpen-headingThree\"\u003e\n          \u003cdiv class\u003d\"accordion-body\"\u003e\n            予約確認のページから、現在個予約したイベントの確認ができます。\n            \u003cbr\u003e\n            \u003cbr\u003e\n            \u003cimg src\u003d\"https://lh3.google.com/u/0/d/1g4K5HDh6rCsnZz4XHtdRA-COCbEX0qWe\" alt\u003d\"画像\"\u003e\n            \u003cbr\u003e\n            \u003cbr\u003e\n            詳細のボタンからイベントの詳細、予約の削除を行うことができます。\n            \u003cbr\u003e\n            \u003cbr\u003e\n            \u003cimg src\u003d\"https://lh3.google.com/u/0/d/1ZfKKLU7NNjJo-OqAo4_2z0QmydmEqnNi\" alt\u003d\"画像\"\u003e\n            \u003cbr\u003e\n            \u003cbr\u003e\n          \u003c/div\u003e\n        \u003c/div\u003e\n      \u003c/div\u003e\n    \u003c/div\u003e\n  \u003c/div\u003e\n\n  \u003c!-- Bootstrap JavaScript Bundle with Popper --\u003e\n  \u003cscript src\u003d\"https://cdn.jsdelivr.net/npm/bootstrap@5.3.0-alpha3/dist/js/bootstrap.bundle.min.js\"\u003e\u003c/script\u003e\n\u003c/body\u003e\n\u003c/html\u003e\n\n\n"}]}