{"files":[{"id":"caea676c-2b81-4ee4-8dca-df7fe629a589","name":"appsscript","type":"json","source":"{\n  \"timeZone\": \"Asia/Tokyo\",\n  \"dependencies\": {},\n  \"exceptionLogging\": \"STACKDRIVER\",\n  \"runtimeVersion\": \"V8\",\n  \"webapp\": {\n    \"executeAs\": \"USER_DEPLOYING\",\n    \"access\": \"MYSELF\"\n  }\n}"},{"id":"3bb17b04-b95e-486c-8d49-7a9a9d143bc2","name":"コード","type":"server_js","source":"function doGet() {\n  var htmlOutput \u003d HtmlService.createHtmlOutputFromFile(\u0027index\u0027);\n  htmlOutput.addMetaTag(\u0027viewport\u0027, \u0027width\u003ddevice-width, initial-scale\u003d1.0\u0027); // Viewportのmetaタグを追加\n  return htmlOutput;\n}"},{"id":"ec22a62c-3b29-4f84-ac41-4b9691ca92e2","name":"index","type":"html","source":"\u003c!DOCTYPE html\u003e\n\u003chtml\u003e\n  \u003chead\u003e\n    \u003ctitle\u003e改行を防ぐテーブル\u003c/title\u003e\n  \u003c/head\u003e\n  \u003cbody\u003e\n    \u003ch1\u003eテーブルのセル内の改行を防ぐ\u003c/h1\u003e\n    \u003ctable border\u003d\"1\" style\u003d\"border-collapse: collapse; width: 100%;\"\u003e\n      \u003ctr\u003e\n        \u003cth style\u003d\"white-space: nowrap;\"\u003e項目\u003c/th\u003e\n        \u003cth style\u003d\"white-space: nowrap;\"\u003e説明\u003c/th\u003e\n      \u003c/tr\u003e\n      \u003ctr\u003e\n        \u003ctd style\u003d\"white-space: nowrap; overflow: hidden; text-overflow: ellipsis;\"\u003e\n          短いテキスト\n        \u003c/td\u003e\n        \u003ctd style\u003d\"white-space: nowrap; overflow: hidden; text-overflow: ellipsis;\"\u003e\n          非常に長いテキストですが、セル内で折り返しが発生しません。\n        \u003c/td\u003e\n      \u003c/tr\u003e\n      \u003ctr\u003e\n        \u003ctd style\u003d\"white-space: nowrap; overflow: hidden; text-overflow: ellipsis;\"\u003e\n          例2\n        \u003c/td\u003e\n        \u003ctd style\u003d\"white-space: nowrap; overflow: hidden; text-overflow: ellipsis;\"\u003e\n          このセルも同様に改行しません。\n        \u003c/td\u003e\n      \u003c/tr\u003e\n    \u003c/table\u003e\n  \u003c/body\u003e\n\u003c/html\u003e\n"}]}