{"files":[{"id":"34a8ebb5-f2ee-4cab-805b-ba5de6153850","name":"appsscript","type":"json","source":"{\n  \"timeZone\": \"Asia/Tokyo\",\n  \"dependencies\": {},\n  \"exceptionLogging\": \"STACKDRIVER\",\n  \"runtimeVersion\": \"V8\",\n  \"webapp\": {\n    \"executeAs\": \"USER_ACCESSING\",\n    \"access\": \"ANYONE\"\n  },\n  \"oauthScopes\": [\n    \"https://www.googleapis.com/auth/drive\",\n    \"https://www.googleapis.com/auth/script.external_request\",\n    \"https://www.googleapis.com/auth/spreadsheets\",\n    \"https://www.googleapis.com/auth/userinfo.email\"\n  ]\n}"},{"id":"cac2082e-5ed0-4bb8-95ad-5214b8002e63","name":"code","type":"server_js","source":"// スプレッドシートIDを設定（実際のスプレッドシートIDに置き換えてください）\nconst SPREADSHEET_ID \u003d \u00271hQSKJWjWhAjO2wWzezcQ99UVpARkc3AirTDoBptBL34\u0027; // ここにスプレッドシートIDを入力\n\n// スプレッドシートの初期化\nfunction initializeSpreadsheet() {\n  const ss \u003d SpreadsheetApp.openById(SPREADSHEET_ID);\n  const sheet \u003d ss.getSheets()[0];\n  \n  // ヘッダーが存在しない場合は追加\n  if (sheet.getLastRow() \u003d\u003d\u003d 0) {\n    sheet.getRange(1, 1, 1, 19).setValues([\n      [\u0027イベント名\u0027, \u0027内容説明\u0027, \u0027開催日時\u0027, \u0027開催場所\u0027, \u0027メールアドレス\u0027,\u0027D\u0027,\u0027S\u0027,\u0027E\u0027,\u0027M\u0027,\u0027C\u0027,\u0027grade_1\u0027,\u0027grade_2\u0027,\u0027grade_3\u0027,\u0027grade_4\u0027,\u0027grade_5\u0027,\u0027school\u0027,\u0027dorm\u0027,\u0027other\u0027,\u0027予約\u0027]\n    ]);\n  }\n  return sheet;\n}\n\nfunction doGet() {\n  return HtmlService.createTemplateFromFile(\u0027Index\u0027)\n    .evaluate()\n    .setTitle(\u0027イベント管理システム\u0027)\n    .addMetaTag(\u0027viewport\u0027, \u0027width\u003ddevice-width, initial-scale\u003d1\u0027);\n}\n\nfunction include(filename) {\n  return HtmlService.createHtmlOutputFromFile(filename).getContent();\n}\n\nfunction getEvents() {\n  const sheet \u003d initializeSpreadsheet();\n  const data \u003d sheet.getDataRange().getValues();\n  const events \u003d [];\n  \n  // ヘッダー行をスキップ\n  for (let i \u003d 1; i \u003c data.length; i++) {\n    events.push({\n      id: i,\n      name: data[i][0],\n      description: data[i][1],\n      datetime: data[i][2].toString(),\n      location: data[i][3],\n      email: data[i][4],\n      dep_d: data[i][5],\n      dep_s: data[i][6],\n      dep_e: data[i][7],\n      dep_m: data[i][8],\n      dep_c: data[i][9],\n      grade_1: data[i][10],\n      grade_2: data[i][11],\n      grade_3: data[i][12],\n      grade_4: data[i][13],\n      grade_5: data[i][14],\n      school: data[i][15],\n      dorm: data[i][16],\n      other: data[i][17],\n      resev: data[i][18]\n    });\n  }\n  Logger.log(events)\n  return events;\n}\n\nfunction addEvent(eventData) {\n  const sheet \u003d initializeSpreadsheet();\n  sheet.appendRow([\n    eventData.name,\n    eventData.description,\n    eventData.datetime,\n    eventData.location,\n    eventData.email,\n    eventData.dep_d,\n    eventData.dep_s,\n    eventData.dep_e,\n    eventData.dep_m,\n    eventData.dep_c,\n    eventData.grade_1,\n    eventData.grade_2,\n    eventData.grade_3,\n    eventData.grade_4,\n    eventData.grade_5,\n    eventData.school,\n    eventData.dorm,\n    eventData.other,\n    \u0027空\u0027\n  ]);\n  return true;\n}\n\nfunction updateEvent(rowIndex, eventData) {\n  const sheet \u003d initializeSpreadsheet();\n  const range \u003d sheet.getRange(rowIndex + 1, 1, 1, 18);\n  range.setValues([[\n    eventData.name,\n    eventData.description,\n    eventData.datetime,\n    eventData.location,\n    eventData.email,\n    eventData.dep_d,\n    eventData.dep_s,\n    eventData.dep_e,\n    eventData.dep_m,\n    eventData.dep_c,\n    eventData.grade_1,\n    eventData.grade_2,\n    eventData.grade_3,\n    eventData.grade_4,\n    eventData.grade_5,\n    eventData.school,\n    eventData.dorm,\n    eventData.other,\n    //eventData.resev\n    //eventData.dep-d\n  ]]);\n  return true;\n}\n\nfunction deleteEvent(rowIndex) {\n  const sheet \u003d initializeSpreadsheet();\n  sheet.deleteRow(rowIndex + 1);\n  return true;\n}\n\nfunction getCurrentUserEmail() {\n  return Session.getActiveUser().getEmail();\n}"},{"id":"33fed9a3-349b-4423-84ad-e7cae4e35fee","name":"Index","type":"html","source":"\u003c!DOCTYPE html\u003e\n\u003chtml\u003e\n\u003chead\u003e\n  \u003cbase target\u003d\"_top\"\u003e\n  \u003clink href\u003d\"https://cdn.jsdelivr.net/npm/bootstrap@5.1.3/dist/css/bootstrap.min.css\" rel\u003d\"stylesheet\"\u003e\n  \u003cscript src\u003d\"https://cdn.jsdelivr.net/npm/bootstrap@5.1.3/dist/js/bootstrap.bundle.min.js\"\u003e\u003c/script\u003e\n  \u003cscript src\u003d\"https://ajax.googleapis.com/ajax/libs/jquery/3.4.0/jquery.min.js\"\u003e\u003c/script\u003e\n  \u003c?!\u003d include(\u0027JavaScript\u0027); ?\u003e\n\u003c/head\u003e\n\u003cbody\u003e\n  \u003cdiv class\u003d\"container mt-4\"\u003e\n    \u003ch1\u003eイベント管理ページ\u003c/h1\u003e\n    \n    \u003c!-- イベント登録フォーム --\u003e\n    \u003cdiv class\u003d\"card mb-4\"\u003e\n      \u003cdiv class\u003d\"card-header\"\u003e\n        \u003ch5 class\u003d\"card-title mb-0\"\u003e新規イベント登録\u003c/h5\u003e\n      \u003c/div\u003e\n      \u003cdiv class\u003d\"card-body\"\u003e\n        \u003cform id\u003d\"eventForm\"\u003e\n          \u003cdiv class\u003d\"mb-3\"\u003e\n            \u003clabel for\u003d\"name\" class\u003d\"form-label\"\u003eイベント名\u003c/label\u003e\n            \u003cinput type\u003d\"text\" class\u003d\"form-control\" id\u003d\"name\" required\u003e\n          \u003c/div\u003e\n          \u003cdiv class\u003d\"mb-3\"\u003e\n            \u003clabel for\u003d\"description\" class\u003d\"form-label\"\u003e内容説明\u003c/label\u003e\n            \u003ctextarea class\u003d\"form-control\" id\u003d\"description\" required\u003e\u003c/textarea\u003e\n          \u003c/div\u003e\n          \u003cdiv class\u003d\"mb-3\"\u003e\n            \u003clabel for\u003d\"datetime\" class\u003d\"form-label\"\u003e開催日時\u003c/label\u003e\n            \u003cinput type\u003d\"datetime-local\" class\u003d\"form-control\" id\u003d\"datetime\" required\u003e\n          \u003c/div\u003e\n          \u003cdiv class\u003d\"mb-3\"\u003e\n            \u003clabel for\u003d\"location\" class\u003d\"form-label\"\u003e開催場所\u003c/label\u003e\n            \u003cinput type\u003d\"text\" class\u003d\"form-control\" id\u003d\"location\" required\u003e\n          \u003c/div\u003e\n          \u003cdiv class\u003d\"mb-3\"\u003e\n            \u003clabel for\u003d\"name\" class\u003d\"form-label\"\u003e関連学科\u003c/label\u003e\n\n            \u003cinput type\u003d\"checkbox\" class\u003d\"btn-check\" id\u003d\"btn-check-D\" autocomplete\u003d\"off\"\u003e\n            \u003clabel class\u003d\"btn btn-outline-primary\" for\u003d\"btn-check-D\"\u003e電子制御工学科\u003c/label\u003e\n            \u003cinput type\u003d\"checkbox\" class\u003d\"btn-check\" id\u003d\"btn-check-S\" autocomplete\u003d\"off\"\u003e\n            \u003clabel class\u003d\"btn btn-outline-primary\" for\u003d\"btn-check-S\"\u003e制御情報工学科\u003c/label\u003e\n            \u003cinput type\u003d\"checkbox\" class\u003d\"btn-check\" id\u003d\"btn-check-E\" autocomplete\u003d\"off\"\u003e\n            \u003clabel class\u003d\"btn btn-outline-primary\" for\u003d\"btn-check-E\"\u003e電気電子工学科\u003c/label\u003e\n            \u003cinput type\u003d\"checkbox\" class\u003d\"btn-check\" id\u003d\"btn-check-M\" autocomplete\u003d\"off\"\u003e\n            \u003clabel class\u003d\"btn btn-outline-primary\" for\u003d\"btn-check-M\"\u003e機械工学科\u003c/label\u003e\n            \u003cinput type\u003d\"checkbox\" class\u003d\"btn-check\" id\u003d\"btn-check-C\" autocomplete\u003d\"off\"\u003e\n            \u003clabel class\u003d\"btn btn-outline-primary\" for\u003d\"btn-check-C\"\u003e物質工学科\u003c/label\u003e\u003cbr\u003e\n          \u003c/div\u003e \n          \u003cdiv class\u003d\"mb-3\"\u003e\n            \u003clabel for\u003d\"name\" class\u003d\"form-label\"\u003e関連学年\u003c/label\u003e\n\n            \u003cinput type\u003d\"checkbox\" class\u003d\"btn-check\" id\u003d\"btn-check-grade1\" autocomplete\u003d\"off\"\u003e\n            \u003clabel class\u003d\"btn btn-outline-primary\" for\u003d\"btn-check-grade1\"\u003e1年\u003c/label\u003e\n            \u003cinput type\u003d\"checkbox\" class\u003d\"btn-check\" id\u003d\"btn-check-grade2\" autocomplete\u003d\"off\"\u003e\n            \u003clabel class\u003d\"btn btn-outline-primary\" for\u003d\"btn-check-grade2\"\u003e２年\u003c/label\u003e\n            \u003cinput type\u003d\"checkbox\" class\u003d\"btn-check\" id\u003d\"btn-check-grade3\" autocomplete\u003d\"off\"\u003e\n            \u003clabel class\u003d\"btn btn-outline-primary\" for\u003d\"btn-check-grade3\"\u003e３年\u003c/label\u003e\n            \u003cinput type\u003d\"checkbox\" class\u003d\"btn-check\" id\u003d\"btn-check-grade4\" autocomplete\u003d\"off\"\u003e\n            \u003clabel class\u003d\"btn btn-outline-primary\" for\u003d\"btn-check-grade4\"\u003e４年\u003c/label\u003e\n            \u003cinput type\u003d\"checkbox\" class\u003d\"btn-check\" id\u003d\"btn-check-grade5\" autocomplete\u003d\"off\"\u003e\n            \u003clabel class\u003d\"btn btn-outline-primary\" for\u003d\"btn-check-grade5\"\u003e５年\u003c/label\u003e\u003cbr\u003e\n          \u003c/div\u003e \n          \u003cdiv\u003e\n            \u003clabel for\u003d\"name\" class\u003d\"form-label\"\u003e見学区分\u003c/label\u003e\n            \u003cinput type\u003d\"radio\" class\u003d\"btn-check\" name\u003d\"options-outlined\" id\u003d\"class-outlined\" autocomplete\u003d\"off\" checked\u003e\n            \u003clabel class\u003d\"btn btn-outline-primary\" for\u003d\"class-outlined\"\u003e授業見学\u003c/label\u003e\n            \u003cinput type\u003d\"radio\" class\u003d\"btn-check\" name\u003d\"options-outlined\" id\u003d\"dorm-outlined\" autocomplete\u003d\"off\"\u003e\n            \u003clabel class\u003d\"btn btn-outline-primary\" for\u003d\"dorm-outlined\"\u003e寮見学\u003c/label\u003e\n            \u003cinput type\u003d\"radio\" class\u003d\"btn-check\" name\u003d\"options-outlined\" id\u003d\"other-outlined\" autocomplete\u003d\"off\"\u003e\n            \u003clabel class\u003d\"btn btn-outline-primary\" for\u003d\"other-outlined\"\u003eその他\u003c/label\u003e\n          \u003c/div\u003e\n          \u003cbr\u003e\n          \u003cinput type\u003d\"hidden\" id\u003d\"rowIndex\"\u003e\n          \u003cbutton type\u003d\"submit\" class\u003d\"btn btn-primary\"\u003e登録\u003c/button\u003e\n          \u003cbutton type\u003d\"button\" class\u003d\"btn btn-secondary\" onclick\u003d\"resetForm()\"\u003eリセット\u003c/button\u003e\n        \u003c/form\u003e\n      \u003c/div\u003e\n    \u003c/div\u003e\n\n    \u003c!-- イベント一覧 --\u003e\n    \u003cdiv class\u003d\"card\"\u003e\n      \u003cdiv class\u003d\"card-header\"\u003e\n        \u003ch5 class\u003d\"card-title mb-0\"\u003eイベント一覧\u003c/h5\u003e\n      \u003c/div\u003e\n      \u003cdiv class\u003d\"card-body\"\u003e\n        \u003cdiv class\u003d\"table-responsive\"\u003e\n          \u003ctable class\u003d\"table\"\u003e\n            \u003cthead\u003e\n              \u003ctr\u003e\n                \u003cth\u003eイベント名\u003c/th\u003e\n                \u003cth\u003e内容説明\u003c/th\u003e\n                \u003cth\u003e開催日時\u003c/th\u003e\n                \u003cth\u003e開催場所\u003c/th\u003e\n                \u003cth\u003e登録者\u003c/th\u003e\n                \u003cth\u003e予約\u003c/th\u003e\n                \u003cth\u003e操作\u003c/th\u003e\n              \u003c/tr\u003e\n            \u003c/thead\u003e\n            \u003ctbody id\u003d\"eventList\"\u003e\u003c/tbody\u003e\n          \u003c/table\u003e\n        \u003c/div\u003e\n      \u003c/div\u003e\n    \u003c/div\u003e\n  \u003c/div\u003e\n\u003c/body\u003e\n\u003c/html\u003e\n"},{"id":"0d7c9d87-3cca-4484-96d1-0ba09aac4164","name":"JavaScript","type":"html","source":"\u003cscript\u003e\nlet currentUserEmail \u003d \u0027\u0027;\n\n// ページ読み込み時の処理\nwindow.onload \u003d function() {\n  loadEvents();\n  getCurrentUser();\n  \n  // フォームの送信イベントを処理\n  document.getElementById(\u0027eventForm\u0027).addEventListener(\u0027submit\u0027, handleFormSubmit);\n};\n\n// 現在のユーザーのメールアドレスを取得\nfunction getCurrentUser() {\n  google.script.run\n    .withSuccessHandler(function(email) {\n      currentUserEmail \u003d email;\n    })\n    .getCurrentUserEmail();\n}\n\n// イベント一覧を読み込む\nfunction loadEvents() {\n  google.script.run\n    .withSuccessHandler(displayEvents)\n    .getEvents();\n}\n\n// イベント一覧を表示\nfunction displayEvents(events) {\n  console.log(\u0027iventsyou\u0027)\n  console.log(events)\n    \n    let row \u003d \u0027\u0027\n    events.forEach(function(event){\n      console.log(currentUserEmail \u003d\u003d\u003d event.email)\n      //if(currentUserEmail \u003d\u003d\u003d event.email){\n        console.log(currentUserEmail);\n        console.log(event.dep_d \u003d\u003d true);\n        if(currentUserEmail \u003d\u003d\u003d event.email){\n        let t\u003dtrue;\n        row +\u003d `\u003ctr\u003e\n        \u003ctd\u003e${escapeHtml(event.name)}\u003c/td\u003e\n        \u003ctd\u003e${escapeHtml(event.description)}\u003c/td\u003e\n        \u003ctd\u003e${formatDateTime(event.datetime)}\u003c/td\u003e\n        \u003ctd\u003e${escapeHtml(event.location)}\u003c/td\u003e\n        \u003ctd\u003e${escapeHtml(event.email)}\u003c/td\u003e\n        \u003ctd\u003e${escapeHtml(event.resev)}\u003c/td\u003e\n        \u003ctd\u003e \n          ${currentUserEmail \u003d\u003d\u003d event.email ? `\n            \u003cbutton class\u003d\"btn btn-sm btn-warning\" onclick\u003d\"editEvent(${event.id})\"\u003e編集\u003c/button\u003e\n            \u003cbutton class\u003d\"btn btn-sm btn-danger\" onclick\u003d\"deleteEvent(${event.id})\"\u003e削除\u003c/button\u003e\n          ` : \u0027\u0027}\n        \u003c/td\u003e\n        \u003ctd id\u003ddep_d hidden\u003e${event.dep_d}\u003c/td\u003e\n        \u003ctd id\u003ddep_s hidden\u003e${event.dep_s}\u003c/td\u003e\n        \u003ctd id\u003ddep_e hidden\u003e${event.dep_e}\u003c/td\u003e\n        \u003ctd id\u003ddep_m hidden\u003e${event.dep_m}\u003c/td\u003e\n        \u003ctd id\u003ddep_c hidden\u003e${event.dep_c}\u003c/td\u003e\n        \u003ctd id\u003ddep_c hidden\u003e${t}\u003c/td\u003e\n        \u003ctd id\u003ddep_d hidden\u003e${event.grade_1}\u003c/td\u003e\n        \u003ctd id\u003ddep_s hidden\u003e${event.grade_2}\u003c/td\u003e\n        \u003ctd id\u003ddep_e hidden\u003e${event.grade_3}\u003c/td\u003e\n        \u003ctd id\u003ddep_m hidden\u003e${event.grade_4}\u003c/td\u003e\n        \u003ctd id\u003ddep_c hidden\u003e${event.grade_5}\u003c/td\u003e\n        \u003ctd id\u003ddep_d hidden\u003e${event.school}\u003c/td\u003e\n        \u003ctd id\u003ddep_s hidden\u003e${event.dorm}\u003c/td\u003e\n        \u003ctd id\u003ddep_e hidden\u003e${event.other}\u003c/td\u003e\n\n\n        \u003c/tr\u003e\n        `;\n      }else{\n        row +\u003d \u0027\u003ctr\u003e\u003c/tr\u003e\u0027;\n      }\n    })\n              document.getElementById(\u0027eventList\u0027).innerHTML \u003d row;\n              \n}\n\n// フォーム送信処理\nfunction handleFormSubmit(e) {\n  e.preventDefault();\n  //console.log(\u0027aba\u0027);\n  //console.log(document.getElementById(\u0027btn-check-D\u0027).value);\n  const eventData \u003d {\n    name: document.getElementById(\u0027name\u0027).value,\n    description: document.getElementById(\u0027description\u0027).value,\n    datetime: document.getElementById(\u0027datetime\u0027).value,\n    location: document.getElementById(\u0027location\u0027).value,\n    email: currentUserEmail,\n    dep_d: document.getElementById(\u0027btn-check-D\u0027).checked,\n    dep_s: document.getElementById(\u0027btn-check-S\u0027).checked,\n    dep_e: document.getElementById(\u0027btn-check-E\u0027).checked,\n    dep_m: document.getElementById(\u0027btn-check-M\u0027).checked,\n    dep_c: document.getElementById(\u0027btn-check-C\u0027).checked,\n    grade_1: document.getElementById(\u0027btn-check-grade1\u0027).checked,\n    grade_2: document.getElementById(\u0027btn-check-grade2\u0027).checked,\n    grade_3: document.getElementById(\u0027btn-check-grade3\u0027).checked,\n    grade_4: document.getElementById(\u0027btn-check-grade4\u0027).checked,\n    grade_5: document.getElementById(\u0027btn-check-grade5\u0027).checked,\n    school: document.getElementById(\u0027class-outlined\u0027).checked,\n    dorm: document.getElementById(\u0027dorm-outlined\u0027).checked,\n    other: document.getElementById(\u0027other-outlined\u0027).checked\n\n  };\n  \n  const rowIndex \u003d document.getElementById(\u0027rowIndex\u0027).value;\n  console.log(eventData);\n  if (rowIndex) {\n    // 更新\n    google.script.run\n      .withSuccessHandler(onSuccess)\n      .withFailureHandler(onFailure)\n      .updateEvent(parseInt(rowIndex), eventData);\n  } else {\n    // 新規登録\n    google.script.run\n      .withSuccessHandler(onSuccess)\n      .withFailureHandler(onFailure)\n      .addEvent(eventData);\n  }\n}\n\n\n\n// イベント編集\nfunction editEvent(rowIndex) {\n  \n  const row \u003d document.getElementById(\u0027eventList\u0027).children[rowIndex - 1];\n  const cells \u003d row.getElementsByTagName(\u0027td\u0027);\n  //document.getElementById(\u0027btn-check-D\u0027).click();\n  //document.getElementById(\u0027btn-check-S\u0027).click();\n  //console.log(cells[6].textContent);\n  if(document.getElementById(\u0027btn-check-D\u0027).checked)document.getElementById(\u0027btn-check-D\u0027).click();\n  if(document.getElementById(\u0027btn-check-S\u0027).checked)document.getElementById(\u0027btn-check-S\u0027).click();\n  if(document.getElementById(\u0027btn-check-E\u0027).checked)document.getElementById(\u0027btn-check-E\u0027).click();\n  if(document.getElementById(\u0027btn-check-M\u0027).checked)document.getElementById(\u0027btn-check-M\u0027).click();\n  if(document.getElementById(\u0027btn-check-C\u0027).checked)document.getElementById(\u0027btn-check-C\u0027).click();\n  if(document.getElementById(\u0027btn-check-grade1\u0027).checked)document.getElementById(\u0027btn-check-grade1\u0027).click();\n  if(document.getElementById(\u0027btn-check-grade2\u0027).checked)document.getElementById(\u0027btn-check-grade2\u0027).click();\n  if(document.getElementById(\u0027btn-check-grade3\u0027).checked)document.getElementById(\u0027btn-check-grade3\u0027).click();\n  if(document.getElementById(\u0027btn-check-grade4\u0027).checked)document.getElementById(\u0027btn-check-grade4\u0027).click();\n  if(document.getElementById(\u0027btn-check-grade5\u0027).checked)document.getElementById(\u0027btn-check-grade5\u0027).click();\n  if(cells[7].textContent\u003d\u003dcells[12].textContent)document.getElementById(\u0027btn-check-D\u0027).click();\n  if(cells[8].textContent\u003d\u003dcells[12].textContent)document.getElementById(\u0027btn-check-S\u0027).click();\n  if(cells[9].textContent\u003d\u003dcells[12].textContent)document.getElementById(\u0027btn-check-E\u0027).click();\n  if(cells[10].textContent\u003d\u003dcells[12].textContent)document.getElementById(\u0027btn-check-M\u0027).click();\n  if(cells[11].textContent\u003d\u003dcells[12].textContent)document.getElementById(\u0027btn-check-C\u0027).click();\n  if(cells[13].textContent\u003d\u003dcells[12].textContent)document.getElementById(\u0027btn-check-grade1\u0027).click();\n  if(cells[14].textContent\u003d\u003dcells[12].textContent)document.getElementById(\u0027btn-check-grade2\u0027).click();\n  if(cells[15].textContent\u003d\u003dcells[12].textContent)document.getElementById(\u0027btn-check-grade3\u0027).click();\n  if(cells[16].textContent\u003d\u003dcells[12].textContent)document.getElementById(\u0027btn-check-grade4\u0027).click();\n  if(cells[17].textContent\u003d\u003dcells[12].textContent)document.getElementById(\u0027btn-check-grade5\u0027).click();\n  if(cells[18].textContent\u003d\u003dcells[12].textContent)document.getElementById(\u0027class-outlined\u0027).click();\n  if(cells[19].textContent\u003d\u003dcells[12].textContent)document.getElementById(\u0027dorm-outlined\u0027).click();\n  if(cells[20].textContent\u003d\u003dcells[12].textContent)document.getElementById(\u0027other-outlined\u0027).click();\n  //console.log(document.getElementById(\u0027btn-check-C\u0027).checked);\n  console.log(cells[7].textContent);\n  console.log(cells[8].textContent);\n  console.log(cells[9].textContent);\n  console.log(cells[10].textContent);\n  console.log(cells[11].textContent);\n\n  document.getElementById(\u0027name\u0027).value \u003d cells[0].textContent;\n  document.getElementById(\u0027description\u0027).value \u003d cells[1].textContent;\n  document.getElementById(\u0027datetime\u0027).value \u003d formatDateTimeForInput(cells[2].textContent);\n  document.getElementById(\u0027location\u0027).value \u003d cells[3].textContent;\n  document.getElementById(\u0027rowIndex\u0027).value \u003d rowIndex;\n}\n\n// イベント削除\nfunction deleteEvent(rowIndex) {\n  if (confirm(\u0027このイベントを削除してもよろしいですか？\u0027)) {\n    google.script.run\n      .withSuccessHandler(onSuccess)\n      .withFailureHandler(onFailure)\n      .deleteEvent(rowIndex);\n  }\n}\n\n// フォームをリセット\nfunction resetForm() {\n  document.getElementById(\u0027eventForm\u0027).reset();\n  document.getElementById(\u0027rowIndex\u0027).value \u003d \u0027\u0027;\n}\n\n// 成功時の処理\nfunction onSuccess() {\n  resetForm();\n  loadEvents();\n  alert(\u0027処理が完了しました。\u0027);\n}\n\n// 失敗時の処理\nfunction onFailure(error) {\n  alert(\u0027エラーが発生しました: \u0027 + error.message);\n}\n\n// HTML特殊文字をエスケープ\nfunction escapeHtml(unsafe) {\n  return unsafe\n    .replace(/\u0026/g, \"\u0026amp;\")\n    .replace(/\u003c/g, \"\u0026lt;\")\n    .replace(/\u003e/g, \"\u0026gt;\")\n    .replace(/\"/g, \"\u0026quot;\")\n    .replace(/\u0027/g, \"\u0026#039;\");\n}\n\n// 日時のフォーマット\nfunction formatDateTime(date) {\n  return new Date(date).toLocaleString(\u0027ja-JP\u0027);\n}\n\n// 入力フォーム用に日時をフォーマット\nfunction formatDateTime(date) {\n  return new Date(date).toLocaleString(\u0027ja-JP\u0027);\n}\n\n// 入力フォーム用に日時をフォーマット\nfunction formatDateTimeForInput(dateStr) {\n  //const date \u003d new Date(dateStr);\n  //return date.toISOString().slice(0, 16);   //こいつが悪いこいつのせいで時差ができてる\n  //return \u00271111-11-11T11:11\u0027\n    const date \u003d new Date(dateStr);\n  \n  // 年、月、日、時間、分、秒を取得してゼロ埋めして整形\n  const year \u003d date.getFullYear();\n  const month \u003d String(date.getMonth() + 1).padStart(2, \u00270\u0027); // 月は0始まりなので+1\n  const day \u003d String(date.getDate()).padStart(2, \u00270\u0027);\n  const hours \u003d String(date.getHours()).padStart(2, \u00270\u0027);\n  const minutes \u003d String(date.getMinutes()).padStart(2, \u00270\u0027);\n  const seconds \u003d String(date.getSeconds()).padStart(2, \u00270\u0027);\n\n  // datetime-localに適した形式で返す (秒が不要なら省略可能)\n  return `${year}-${month}-${day}T${hours}:${minutes}`;\n}\n\u003c/script\u003e"}]}